Season,Pitcher,Home,Opp,IP,H,BB,SO,ERA,FIP,GB,FB,LD,PU,WPA
2023,boydma,1.0,HOU,4.1,2,3,3,4.15,3.95,6,7,3,0,0.147
2023,boydma,0.0,BOS,4.2,5,4,4,4.00,4.03,5,9,5,3,-0.019
2023,boydma,0.0,CLE,5.0,5,2,4,4.50,4.54,6,10,3,2,-0.116
2023,boydma,1.0,MIL,5.0,5,1,8,4.26,4.89,4,8,1,0,0.079
2023,boydma,0.0,BAL,5.2,8,1,3,5.47,4.92,5,17,4,3,-0.262
2023,boydma,1.0,STL,6.0,4,0,6,4.70,4.62,5,13,4,2,-0.047
2023,boydma,0.0,SEA,1.1,5,4,1,5.91,4.88,3,4,3,1,-0.363
2023,boydma,1.0,WSN,5.2,4,1,4,5.73,4.93,5,10,3,0,0.109
2023,boydma,1.0,KCR,4.2,3,2,6,5.31,4.67,5,6,3,1,0.089
2023,boydma,0.0,TEX,6.0,5,4,5,5.59,4.81,9,8,3,1,-0.103
2023,boydma,1.0,CHW,5.0,3,0,9,5.23,4.32,7,2,1,0,0.181
2023,boydma,0.0,ARI,5.0,6,2,3,5.55,4.68,6,11,2,1,-0.206
2023,boydma,1.0,MIN,6.0,7,1,8,5.60,4.55,6,9,6,0,-0.074
2023,boydma,0.0,KCR,6.0,6,0,7,5.37,4.24,8,8,4,1,0.111
2023,boydma,1.0,TEX,0.2,1,0,2,5.45,4.35,0,1,0,0,-0.065
2023,oberba,0.0,WSN,5.2,3,3,4,1.59,3.43,5,9,3,2,0.220
2023,oberba,0.0,KCR,5.2,4,2,6,1.59,2.81,2,13,5,3,0.188
2023,oberba,1.0,CLE,7.0,3,1,6,0.98,2.49,6,11,3,0,0.440
2023,oberba,0.0,SDP,6.0,6,0,6,1.85,3.26,4,14,6,2,-0.045
2023,oberba,1.0,LAD,6.0,6,1,6,1.78,2.96,3,14,5,2,0.279
2023,oberba,0.0,SFG,5.0,3,3,2,2.55,3.51,7,9,4,0,-0.216
2023,oberba,0.0,TOR,5.0,5,1,7,2.68,3.21,4,7,1,0,0.013
2023,oberba,0.0,CLE,6.0,4,0,3,2.33,3.15,8,10,3,1,0.361
2023,oberba,1.0,TBR,5.1,3,2,7,2.61,3.26,4,8,2,1,-0.160
2023,oberba,0.0,MIL,6.0,6,1,7,2.65,3.52,7,9,3,0,0.117
2023,oberba,0.0,BOS,6.0,8,0,4,2.83,3.82,8,14,1,2,-0.048
2023,oberba,1.0,DET,6.0,5,1,8,2.97,3.59,2,12,6,1,-0.053
2023,oberba,1.0,BAL,7.0,2,0,8,2.70,3.39,6,9,3,3,0.487
2023,oberba,0.0,BAL,6.0,4,3,5,2.61,3.36,6,10,2,1,0.183
2023,oberba,1.0,SEA,6.0,7,0,5,2.74,3.42,5,13,4,6,-0.076
2023,oberba,0.0,CHW,6.0,5,0,6,2.76,3.56,7,9,5,0,-0.057
2023,oberba,1.0,KCR,4.0,11,0,5,3.19,3.74,7,11,5,0,-0.285
2023,oberba,0.0,ARI,5.0,6,0,3,3.21,3.81,5,13,2,0,0.026
2023,oberba,1.0,DET,5.0,11,1,9,3.40,3.77,4,13,7,2,-0.298
2023,oberba,0.0,DET,5.0,4,3,6,3.40,3.84,7,4,1,1,0.013
2023,oberba,1.0,MIL,5.0,2,3,3,3.41,3.95,5,8,2,2,0.104
2023,oberba,0.0,TEX,4.0,5,1,4,3.67,4.09,5,8,1,0,-0.242
2023,oberba,1.0,CHW,5.0,5,0,6,3.67,4.07,4,10,3,3,0.103
2023,oberba,1.0,CIN,5.0,3,3,3,3.66,4.18,5,10,4,3,0.021
2023,oberba,0.0,OAK,5.0,2,0,8,3.53,4.03,5,3,1,1,0.155
2023,oberba,1.0,COL,6.2,2,0,9,3.43,3.96,7,6,0,0,0.388
2023,bradlta,0.0,BOS,5.0,5,1,8,5.40,0.66,4,7,4,1,0.055
2023,bradlta,1.0,CIN,5.1,3,1,9,2.61,0.55,3,7,1,2,0.131
2023,bradlta,0.0,HOU,5.0,4,0,6,3.52,2.54,2,11,4,2,-0.071
2023,bradlta,1.0,NYM,5.0,3,2,4,3.54,3.26,7,7,2,4,0.023
2023,bradlta,0.0,TOR,4.0,9,0,7,4.44,3.21,4,10,8,1,-0.197
2023,bradlta,1.0,CHC,5.2,3,1,8,3.60,2.79,4,8,2,2,0.164
2023,bradlta,1.0,BOS,5.0,6,3,6,3.60,2.77,4,10,8,1,0.081
2023,bradlta,0.0,TEX,3.2,4,4,4,4.19,2.92,5,6,5,1,-0.231
2023,bradlta,1.0,OAK,4.1,4,3,11,4.19,2.65,4,3,1,1,-0.228
2023,bradlta,0.0,BAL,6.0,3,0,8,3.86,2.66,4,9,4,2,0.221
2023,bradlta,1.0,ARI,4.0,8,1,2,4.75,3.67,8,10,3,1,-0.401
2023,bradlta,1.0,SEA,3.1,9,1,3,5.27,3.82,5,11,7,0,-0.278
2023,bradlta,0.0,ATL,5.0,5,2,4,5.43,3.96,7,9,3,1,-0.187
2023,bradlta,1.0,TEX,5.0,5,2,9,5.29,3.92,4,7,3,0,0.049
2023,bradlta,0.0,BAL,5.0,5,1,6,5.30,3.93,3,11,5,2,-0.101
2023,bradlta,1.0,HOU,3.1,3,4,4,5.67,4.13,3,7,2,2,-0.140
2023,bradlta,1.0,CLE,5.0,3,5,7,5.42,4.08,6,5,3,0,0.031
2023,bradlta,0.0,SEA,6.1,6,2,5,5.44,4.43,4,16,6,3,-0.152
2023,bradlta,1.0,MIN,4.2,4,3,7,5.56,4.60,5,6,2,1,0.036
2023,bradlta,0.0,LAA,5.0,3,1,6,5.36,4.57,5,7,2,2,0.175
2023,bradlta,0.0,TOR,7.0,7,2,4,5.52,4.72,13,11,3,4,-0.342
2023,bradlta,1.0,TOR,1.0,2,0,1,5.56,4.68,1,3,2,0,-0.003
2023,bradlta,1.0,TOR,1.0,2,0,0,5.59,4.79,1,4,1,1,0.007
2023,bibeeta,0.0,COL,5.2,6,0,8,1.59,0.96,4,10,5,4,0.207
2023,bibeeta,1.0,NYY,5.1,4,0,5,2.45,2.35,3,12,5,0,0.120
2023,bibeeta,0.0,DET,3.2,7,4,2,4.30,3.12,4,10,6,1,-0.260
2023,bibeeta,0.0,LAA,7.2,2,0,7,3.22,2.67,6,11,2,0,0.278
2023,bibeeta,1.0,NYM,6.0,7,4,3,3.18,3.01,7,13,8,2,0.049
2023,bibeeta,0.0,STL,6.0,2,1,9,2.88,2.99,4,7,1,3,0.242
2023,bibeeta,1.0,MIN,5.0,6,1,6,3.20,3.20,5,10,3,0,-0.117
2023,bibeeta,0.0,BOS,5.0,4,2,2,3.05,3.26,10,8,2,2,0.046
2023,bibeeta,1.0,SDP,4.0,8,2,3,3.91,3.79,5,12,7,2,-0.361
2023,bibeeta,1.0,ARI,5.0,7,3,6,4.05,3.93,7,9,5,0,0.078
2023,bibeeta,0.0,MIL,6.0,3,4,7,3.79,3.83,8,6,2,1,0.082
2023,bibeeta,1.0,CHC,5.2,3,2,9,3.46,3.59,8,3,1,1,0.296
2023,bibeeta,0.0,KCR,5.0,4,4,4,3.34,3.63,5,11,5,2,0.176
2023,bibeeta,1.0,TEX,6.0,5,1,6,3.32,3.65,6,10,4,0,0.181
2023,bibeeta,0.0,PHI,7.0,2,1,8,3.04,3.50,5,9,2,1,0.455
2023,bibeeta,1.0,CHW,6.2,6,2,6,3.11,3.70,5,14,6,3,0.120
2023,bibeeta,1.0,HOU,5.0,7,4,4,3.14,3.86,6,10,5,0,0.071
2023,bibeeta,0.0,TOR,7.0,6,0,6,2.92,3.73,9,11,4,0,0.467
2023,bibeeta,1.0,TBR,7.0,7,0,5,2.90,3.60,6,16,5,5,0.109
2023,bibeeta,0.0,DET,5.0,5,1,6,3.01,3.62,4,10,5,0,-0.076
2023,bibeeta,1.0,TOR,6.0,6,1,5,3.01,3.76,6,12,3,3,0.150
2023,bibeeta,1.0,MIN,5.0,4,3,8,3.03,3.69,3,7,4,2,0.007
2023,bibeeta,0.0,MIN,5.0,4,5,4,3.05,3.73,5,10,6,0,0.057
2023,bibeeta,1.0,LAA,7.0,2,0,8,3.03,3.58,7,8,3,0,0.127
2023,bibeeta,0.0,TEX,5.1,5,0,4,2.98,3.52,9,8,4,0,0.156
2023,nolaaa,1.0,TEX,3.2,4,2,4,12.27,6.26,4,7,4,1,-0.280
2023,nolaaa,1.0,NYY,6.0,7,1,5,7.45,3.67,6,12,6,1,0.032
2023,nolaaa,0.0,MIA,5.2,9,0,6,7.04,3.58,7,13,7,2,-0.110
2023,nolaaa,1.0,CIN,6.0,5,3,4,5.91,3.54,6,13,5,1,0.023
2023,nolaaa,0.0,COL,7.0,4,3,3,5.40,4.03,7,12,7,2,0.033
2023,nolaaa,1.0,HOU,8.0,3,0,6,4.46,3.89,8,13,3,0,0.452
2023,nolaaa,1.0,LAD,6.1,7,0,5,4.64,3.93,9,12,4,0,0.077
2023,nolaaa,0.0,TOR,6.0,5,2,6,4.44,3.99,10,6,4,0,0.125
2023,nolaaa,1.0,COL,7.0,6,1,4,4.53,4.05,8,15,4,2,-0.095
2023,nolaaa,0.0,CHC,7.0,4,1,10,4.31,3.89,5,9,4,1,0.105
2023,nolaaa,1.0,ATL,6.0,8,2,7,4.59,4.29,8,11,6,0,-0.251
2023,nolaaa,1.0,NYM,6.0,4,3,5,4.70,4.37,4,13,3,6,-0.201
2023,nolaaa,0.0,DET,7.0,1,3,12,4.30,4.25,5,4,2,1,0.192
2023,nolaaa,0.0,LAD,6.1,7,2,7,4.60,4.23,5,14,5,3,-0.124
2023,nolaaa,1.0,ARI,6.2,6,1,9,4.66,4.14,10,7,1,1,-0.043
2023,nolaaa,0.0,ATL,6.0,2,2,5,4.38,4.05,7,8,2,1,0.362
2023,nolaaa,1.0,CHC,5.0,7,3,4,4.51,4.27,12,5,1,1,0.024
2023,nolaaa,1.0,TBR,7.1,5,1,12,4.30,4.13,9,7,2,2,0.439
2023,nolaaa,1.0,MIA,6.0,8,0,6,4.39,4.31,6,14,7,0,-0.197
2023,nolaaa,0.0,MIL,7.1,4,0,6,4.27,4.16,13,8,3,1,0.114
2023,nolaaa,1.0,CLE,7.0,6,0,7,4.25,4.20,9,11,5,0,0.124
2023,nolaaa,1.0,PIT,4.2,9,3,6,4.43,4.24,4,13,5,1,-0.552
2023,nolaaa,0.0,KCR,5.1,8,1,8,4.58,4.29,2,13,6,0,-0.113
2023,nolaaa,0.0,WSN,5.0,5,1,6,4.49,4.20,6,9,6,1,0.104
2023,nolaaa,1.0,TOR,5.0,4,4,7,4.58,4.24,5,6,3,0,-0.187
2023,nolaaa,0.0,SFG,7.0,7,1,5,4.49,4.32,10,10,5,2,0.143
2023,nolaaa,0.0,STL,7.0,1,1,9,4.30,4.18,5,8,2,2,0.434
2023,nolaaa,1.0,MIL,4.2,8,3,5,4.55,4.23,7,9,6,1,-0.339
2023,nolaaa,0.0,MIA,4.1,7,0,6,4.64,4.21,4,10,7,0,-0.141
2023,nolaaa,1.0,STL,4.2,7,1,1,4.62,4.19,16,5,1,0,-0.064
2023,nolaaa,1.0,ATL,6.0,6,0,8,4.57,4.07,9,7,7,0,0.195
2023,nolaaa,0.0,PIT,6.2,4,0,8,4.46,4.03,9,6,1,2,0.290
2023,heanean,0.0,BAL,2.2,7,2,2,23.63,13.76,4,9,6,1,-0.400
2023,heanean,0.0,KCR,5.0,2,2,10,8.22,5.08,1,7,3,2,0.158
2023,heanean,1.0,HOU,5.0,2,3,4,4.97,4.68,5,7,1,0,0.282
2023,heanean,0.0,OAK,6.0,5,2,4,4.34,4.27,6,11,4,1,-0.062
2023,heanean,0.0,NYY,6.0,4,1,6,4.38,4.96,5,10,4,1,-0.088
2023,heanean,0.0,ARI,4.2,4,4,5,5.52,6.08,7,6,2,1,-0.391
2023,heanean,1.0,SEA,6.2,4,2,7,5.25,5.70,10,8,1,0,-0.075
2023,heanean,1.0,OAK,6.0,4,2,9,4.71,5.06,8,4,1,2,0.251
2023,heanean,0.0,COL,6.0,6,2,5,4.13,4.76,10,8,2,1,0.176
2023,heanean,1.0,BAL,7.0,4,1,3,3.76,4.80,8,11,5,0,0.359
2023,heanean,0.0,SEA,3.0,6,4,5,4.03,4.76,4,6,5,0,-0.174
2023,heanean,1.0,TBR,5.0,4,2,5,4.14,4.78,7,7,2,1,-0.229
2023,heanean,0.0,LAA,3.2,5,4,5,4.05,4.77,1,10,5,1,0.008
2023,heanean,1.0,CHW,5.2,5,0,6,3.98,4.89,6,9,3,2,0.083
2023,heanean,0.0,DET,5.2,6,3,5,4.38,5.09,3,15,6,3,-0.327
2023,heanean,0.0,HOU,5.0,3,1,8,4.12,4.82,2,8,3,0,0.291
2023,heanean,1.0,WSN,3.0,8,1,4,4.71,5.16,3,10,4,1,-0.387
2023,heanean,0.0,CLE,5.1,6,1,4,4.43,5.00,8,10,6,0,0.182
2023,heanean,0.0,LAD,5.0,5,3,3,4.58,5.07,5,10,3,0,-0.200
2023,heanean,1.0,HOU,5.0,4,3,3,4.62,5.17,7,8,2,1,-0.104
2023,heanean,0.0,CHW,6.0,2,0,11,4.36,4.86,4,5,2,0,0.293
2023,heanean,0.0,MIA,5.2,4,2,4,4.14,4.76,9,6,2,0,0.255
2023,heanean,1.0,SFG,1.1,3,2,1,4.17,4.78,1,5,3,0,-0.155
2023,heanean,0.0,MIL,3.2,7,1,3,4.27,4.70,10,5,2,1,-0.150
2023,heanean,1.0,MIN,4.1,7,1,5,4.34,4.91,5,9,0,0,-0.087
2023,heanean,1.0,NYM,5.1,5,1,7,4.16,4.76,10,3,1,0,0.230
2023,heanean,0.0,HOU,4.2,5,4,1,4.22,4.80,7,10,3,1,-0.170
2023,heanean,0.0,OAK,3.2,4,1,6,4.10,4.72,7,2,1,0,0.080
2023,heanean,1.0,CLE,2.0,6,1,3,4.43,4.77,2,7,5,1,-0.060
2023,heanean,0.0,BOS,0.1,1,1,1,4.42,4.77,1,1,1,0,-0.341
2023,heanean,0.0,SEA,2.1,0,1,2,4.35,4.74,3,3,0,0,0.112
2023,heanean,1.0,LAA,1.1,0,0,0,4.31,4.73,1,3,1,0,0.024
2023,heanean,1.0,SEA,1.0,0,1,2,4.28,4.71,0,1,0,1,0.106
2023,heanean,1.0,SEA,4.1,5,1,2,4.15,4.66,6,10,1,2,0.090
2023,pivetni,0.0,PIT,5.0,3,3,6,1.80,7.86,4,9,1,0,-0.074
2023,pivetni,1.0,TBR,5.0,3,2,6,0.90,4.96,3,9,5,0,0.281
2023,pivetni,0.0,LAA,4.0,5,3,4,4.50,5.68,5,8,3,0,-0.443
2023,pivetni,1.0,MIL,5.2,7,1,7,4.58,5.09,7,9,8,0,-0.056
2023,pivetni,0.0,CLE,5.0,5,2,5,5.11,5.20,2,12,7,1,-0.168
2023,pivetni,0.0,TOR,6.0,6,1,6,4.99,5.37,7,10,4,0,-0.025
2023,pivetni,1.0,ATL,4.0,8,3,2,6.23,5.74,7,11,5,0,-0.347
2023,pivetni,0.0,SEA,5.1,6,4,6,6.30,5.73,4,11,7,0,-0.090
2023,pivetni,1.0,SDP,2.1,2,0,3,6.17,5.45,3,4,2,0,0.001
2023,pivetni,1.0,LAA,3.0,3,0,3,6.15,5.46,1,8,2,0,-0.043
2023,pivetni,1.0,ARI,3.0,2,0,3,5.77,5.20,1,7,2,0,0.040
2023,pivetni,0.0,CIN,1.0,0,0,1,5.66,5.18,1,1,0,0,0.043
2023,pivetni,0.0,CIN,1.0,0,0,3,5.54,5.02,0,0,0,0,0.091
2023,pivetni,0.0,TBR,0.2,1,3,1,5.65,5.14,1,1,1,0,-0.087
2023,pivetni,1.0,NYY,0.2,0,0,0,5.57,5.11,1,1,0,1,0.114
2023,pivetni,1.0,NYY,1.0,0,1,0,5.47,5.13,2,1,0,0,0.109
2023,pivetni,0.0,COL,0.2,0,3,0,5.40,5.28,0,2,1,0,-0.158
2023,pivetni,0.0,NYY,3.0,0,0,4,5.11,5.03,1,4,1,0,0.244
2023,pivetni,1.0,CHW,0.1,0,0,0,5.08,5.02,0,1,0,0,0.039
2023,pivetni,0.0,MIA,3.1,1,2,7,5.10,4.79,2,2,0,0,0.119
2023,pivetni,1.0,TOR,4.0,2,2,6,4.92,4.80,3,5,2,0,0.110
2023,pivetni,0.0,OAK,5.0,4,1,8,4.83,4.69,4,7,2,1,0.034
2023,pivetni,1.0,OAK,6.0,0,2,13,4.44,4.31,2,3,0,0,0.213
2023,pivetni,0.0,NYM,1.0,0,0,1,4.38,4.27,1,1,1,0,0.014
2023,pivetni,0.0,ATL,5.0,3,1,5,4.11,4.12,7,5,1,1,0.262
2023,pivetni,1.0,SEA,7.1,5,0,10,4.08,4.12,5,11,1,2,0.054
2023,pivetni,0.0,TOR,4.0,6,2,2,4.19,4.24,6,9,4,2,-0.102
2023,pivetni,0.0,KCR,5.0,4,2,8,4.16,4.35,5,6,2,0,0.051
2023,pivetni,1.0,WSN,4.1,5,3,7,4.34,4.26,5,6,3,2,-0.188
2023,pivetni,1.0,NYY,5.0,3,1,8,4.30,4.33,3,7,2,0,0.020
2023,pivetni,1.0,HOU,0.2,0,1,2,4.28,4.32,0,0,0,0,0.081
2023,pivetni,0.0,LAD,2.0,4,2,3,4.53,4.30,3,4,4,0,-0.503
2023,pivetni,1.0,KCR,3.0,2,0,5,4.49,4.30,1,5,2,0,0.046
2023,pivetni,1.0,TBR,4.2,7,2,5,4.54,4.44,5,10,4,2,-0.140
2023,pivetni,0.0,NYY,5.1,4,1,10,4.56,4.28,4,6,3,1,-0.181
2023,pivetni,1.0,TOR,6.1,4,0,6,4.48,4.26,7,10,3,2,0.059
2023,pivetni,0.0,CHW,7.0,3,1,7,4.25,4.12,8,8,7,0,0.458
2023,pivetni,1.0,BAL,7.0,2,1,10,4.04,3.96,6,6,2,0,0.431
2023,feltnry,1.0,LAD,4.2,4,5,7,9.64,6.26,3,7,3,1,-0.069
2023,feltnry,0.0,WSN,5.0,6,3,3,7.45,5.01,10,8,2,2,-0.047
2023,feltnry,1.0,SEA,3.2,5,3,5,8.78,5.43,6,5,2,0,-0.340
2023,feltnry,1.0,PHI,5.2,3,3,6,6.16,4.62,4,10,5,2,0.298
2023,feltnry,1.0,CLE,6.0,5,0,6,4.68,3.82,8,8,5,0,0.208
2023,feltnry,0.0,MIL,5.1,6,1,3,4.45,3.62,8,10,7,1,0.050
2023,feltnry,1.0,NYM,3.1,4,6,3,5.08,4.03,3,7,4,0,-0.275
2023,feltnry,0.0,PHI,1.2,4,4,0,5.86,4.33,6,3,2,0,-0.280
2023,feltnry,1.0,SDP,5.0,2,2,5,5.13,4.17,5,7,1,4,0.283
2023,feltnry,0.0,LAD,3.0,6,1,0,5.82,4.18,5,10,5,1,-0.283
2023,searsjp,0.0,CLE,4.2,8,1,5,5.79,4.54,5,10,3,2,-0.154
2023,searsjp,1.0,BAL,5.0,3,1,4,5.59,6.36,4,10,0,3,-0.119
2023,searsjp,0.0,NYM,6.0,4,0,3,4.60,6.45,5,14,3,2,0.020
2023,searsjp,1.0,TEX,6.0,5,2,11,4.98,5.56,2,8,2,0,-0.110
2023,searsjp,1.0,LAA,4.1,6,2,4,6.23,5.72,3,12,2,2,-0.202
2023,searsjp,0.0,SEA,6.0,4,2,7,5.06,5.01,6,8,3,1,0.351
2023,searsjp,1.0,NYY,5.1,6,0,4,5.54,5.59,4,14,4,1,-0.319
2023,searsjp,0.0,TEX,5.1,5,1,6,5.27,5.46,5,12,4,2,-0.135
2023,searsjp,1.0,HOU,6.0,5,1,7,4.99,4.96,3,13,3,1,0.092
2023,searsjp,1.0,SEA,5.0,3,0,1,4.70,5.12,5,11,4,0,0.200
2023,searsjp,0.0,ATL,6.0,4,1,2,4.37,5.13,6,12,4,1,0.204
2023,searsjp,1.0,PIT,4.2,2,5,6,4.20,5.04,2,8,3,2,0.100
2023,searsjp,1.0,MIL,5.0,6,0,5,4.15,5.00,5,10,4,2,0.063
2023,searsjp,0.0,PHI,7.0,4,0,7,4.24,5.21,3,15,4,2,-0.178
2023,searsjp,1.0,CLE,7.0,4,1,8,4.10,5.04,5,10,3,4,0.062
2023,searsjp,0.0,NYY,4.0,5,3,5,4.43,5.10,4,9,4,2,-0.236
2023,searsjp,1.0,DET,7.1,5,0,4,4.09,4.87,8,15,5,4,0.447
2023,searsjp,1.0,BOS,5.0,2,3,4,3.97,4.86,4,8,0,4,0.207
2023,searsjp,0.0,MIN,6.1,4,0,7,3.99,4.91,6,10,2,1,0.157
2023,searsjp,0.0,HOU,5.2,8,1,1,4.19,5.18,7,17,4,2,-0.232
2023,searsjp,1.0,COL,5.0,4,1,5,4.09,5.18,3,11,5,1,0.149
2023,searsjp,1.0,LAD,5.0,6,3,5,4.07,5.14,5,11,5,3,0.004
2023,searsjp,0.0,TEX,4.0,9,1,6,4.23,5.01,5,10,6,2,-0.206
2023,searsjp,1.0,STL,5.0,6,4,6,4.27,5.04,3,11,5,1,-0.150
2023,searsjp,0.0,BAL,4.0,9,2,4,4.61,5.16,4,12,6,2,-0.329
2023,searsjp,1.0,CHW,6.0,9,2,8,4.80,5.29,6,12,3,1,-0.266
2023,searsjp,0.0,LAA,6.0,4,2,3,4.60,5.23,11,7,3,1,0.253
2023,searsjp,0.0,TOR,5.0,4,4,3,4.51,5.20,4,11,2,4,0.150
2023,searsjp,1.0,HOU,6.0,5,2,3,4.45,5.13,7,12,3,2,0.160
2023,searsjp,0.0,SEA,5.2,6,4,6,4.52,5.16,7,9,3,3,-0.159
2023,searsjp,0.0,DET,5.0,6,2,7,4.49,5.06,5,9,6,0,-0.008
2023,searsjp,1.0,LAA,4.0,4,2,4,4.54,5.15,3,9,2,3,-0.116
2023,woobr,1.0,TEX,2.0,7,1,4,27.00,0.76,5,4,4,0,-0.410
2023,woobr,1.0,LAA,4.2,4,1,7,10.80,2.81,2,9,3,3,0.003
2023,woobr,0.0,CHW,5.2,3,0,9,7.30,3.66,4,7,1,1,-0.013
2023,woobr,1.0,NYY,5.1,2,3,5,5.09,3.48,7,6,1,1,0.077
2023,woobr,0.0,WSN,5.0,6,1,7,4.37,2.95,3,11,6,1,0.061
2023,woobr,1.0,SFG,6.0,3,2,7,4.08,3.19,6,8,0,0,0.035
2023,woobr,1.0,HOU,6.0,3,1,4,3.63,3.05,10,7,5,1,0.134
2023,woobr,0.0,MIN,3.1,8,3,4,4.74,3.86,6,8,1,1,-0.566
2023,woobr,0.0,TOR,6.0,4,1,7,4.91,4.26,4,10,4,2,-0.144
2023,woobr,1.0,ARI,5.0,7,2,0,4.96,4.28,7,13,8,1,-0.061
2023,woobr,1.0,LAA,6.0,4,2,6,4.75,4.06,5,10,4,1,-0.003
2023,woobr,1.0,CHW,4.0,3,1,3,4.58,3.95,6,7,2,1,0.113
2023,woobr,0.0,OAK,6.0,3,1,5,4.15,3.78,6,8,3,0,0.211
2023,woobr,1.0,CIN,5.0,4,3,0,4.50,4.18,9,11,5,3,-0.239
2023,woobr,0.0,LAA,5.2,4,0,8,4.16,3.90,6,7,3,1,0.185
2023,woobr,1.0,OAK,5.0,3,4,6,3.90,3.86,9,2,0,1,0.261
2023,woobr,1.0,TEX,3.1,5,2,6,4.39,4.39,1,8,2,1,-0.411
2023,woobr,0.0,TEX,3.2,2,3,5,4.21,4.36,2,6,1,0,0.186
2023,pallaan,0.0,TOR,1.1,2,1,0,6.75,5.51,4,1,1,0,-0.022
2023,pallaan,0.0,TOR,1.0,1,0,0,3.86,4.54,3,1,1,0,0.049
2023,pallaan,0.0,ATL,1.0,0,0,1,2.70,3.56,2,0,0,0,0.017
2023,pallaan,1.0,MIL,1.0,3,0,1,4.15,3.02,4,1,1,0,-0.048
2023,pallaan,1.0,MIL,1.0,4,0,2,8.44,4.76,1,4,3,0,-0.038
2023,pallaan,1.0,COL,1.0,0,0,0,7.11,4.52,2,1,0,0,0.068
2023,pallaan,0.0,PIT,1.0,1,2,1,6.14,4.89,3,1,1,0,-0.111
2023,pallaan,0.0,ARI,1.0,1,1,2,7.56,6.14,1,1,0,0,-0.178
2023,pallaan,1.0,CHC,1.2,1,1,1,7.20,7.36,3,2,0,0,-0.103
2023,pallaan,1.0,BOS,1.2,1,0,1,6.17,6.60,3,1,1,0,0.177
2023,pallaan,1.0,BOS,1.0,1,0,1,5.68,6.18,2,1,1,0,0.016
2023,pallaan,0.0,MIL,1.0,0,0,1,5.27,5.82,2,0,0,0,0.055
2023,pallaan,0.0,MIL,1.0,1,1,1,4.91,5.71,1,1,1,0,0.140
2023,pallaan,0.0,LAD,1.1,0,0,1,4.50,5.38,2,1,0,0,0.121
2023,pallaan,1.0,CIN,2.0,1,1,3,4.50,4.98,4,0,0,0,-0.030
2023,pallaan,1.0,CLE,1.0,2,0,0,4.26,4.89,2,1,1,0,0.015
2023,pallaan,1.0,CLE,0.2,1,1,1,4.12,4.88,2,0,0,0,-0.007
2023,pallaan,1.0,PIT,1.0,1,1,1,4.79,4.85,2,1,1,0,0.008
2023,pallaan,1.0,TEX,1.1,1,0,3,4.50,4.48,2,0,0,0,0.049
2023,pallaan,0.0,CIN,0.2,0,0,0,4.37,4.45,0,1,0,0,0.089
2023,pallaan,0.0,CIN,1.0,0,1,1,4.18,4.44,2,0,0,0,0.041
2023,pallaan,0.0,SFG,1.0,2,1,1,4.38,4.43,3,1,0,0,-0.098
2023,pallaan,1.0,NYM,0.2,1,1,0,4.26,4.52,2,1,1,0,0.060
2023,pallaan,1.0,NYM,1.1,0,1,1,4.05,4.49,3,0,0,0,0.165
2023,pallaan,1.0,WSN,1.0,2,0,1,4.23,4.38,3,1,1,0,-0.027
2023,pallaan,0.0,CHC,1.0,1,1,1,4.08,4.37,1,2,2,0,0.046
2023,pallaan,0.0,HOU,0.1,0,2,1,4.03,4.50,0,0,0,0,0.053
2023,pallaan,0.0,NYY,0.2,0,0,0,3.94,4.47,1,0,0,0,0.007
2023,pallaan,1.0,MIA,1.0,2,0,1,4.11,4.36,2,1,1,0,-0.407
2023,pallaan,1.0,CHW,0.2,2,0,1,4.60,4.37,3,0,0,0,-0.423
2023,pallaan,0.0,WSN,1.1,2,2,0,5.23,4.51,4,2,1,1,-0.146
2023,pallaan,0.0,MIA,1.2,1,1,1,4.98,4.48,5,0,0,0,0.097
2023,pallaan,1.0,CHC,1.0,0,0,0,4.84,4.44,3,0,0,0,0.016
2023,pallaan,1.0,CHC,1.0,1,0,0,4.71,4.41,4,0,0,0,0.044
2023,pallaan,1.0,ARI,1.1,2,1,1,4.78,4.40,5,0,0,0,0.027
2023,pallaan,0.0,CHC,0.2,1,0,1,4.70,4.32,1,1,1,0,0.011
2023,pallaan,0.0,CHC,2.1,1,0,2,4.43,4.16,5,1,1,0,0.024
2023,pallaan,0.0,MIN,1.0,1,0,0,4.32,4.22,2,1,1,0,0.025
2023,pallaan,0.0,COL,2.0,1,0,2,4.33,4.38,3,2,0,0,0.024
2023,pallaan,0.0,COL,1.0,2,0,0,4.23,4.35,3,1,1,0,0.059
2023,pallaan,1.0,TBR,0.1,4,0,0,4.60,4.34,4,1,1,0,-0.151
2023,pallaan,1.0,KCR,2.0,3,1,0,4.79,4.36,9,0,0,0,-0.032
2023,pallaan,0.0,NYM,1.1,1,0,2,4.66,4.25,2,1,1,0,0.047
2023,pallaan,0.0,NYM,1.0,1,0,1,4.74,4.19,2,1,1,0,0.030
2023,pallaan,1.0,PIT,1.0,0,0,0,4.65,4.17,3,0,0,0,0.007
2023,pallaan,1.0,PIT,1.1,1,2,0,4.70,4.26,5,0,0,0,0.020
2023,pallaan,1.0,PHI,0.2,3,0,0,5.16,4.25,3,2,2,0,-0.016
2023,pallaan,0.0,SDP,1.0,2,1,0,5.23,4.29,4,1,1,0,-0.086
2023,pallaan,0.0,SDP,1.0,1,0,0,5.13,4.27,3,0,0,0,0.041
2023,pallaan,0.0,PIT,0.2,1,0,0,5.07,4.26,3,0,0,0,0.059
2023,pallaan,0.0,PIT,1.0,1,2,0,5.14,4.34,4,0,0,0,0.011
2023,pallaan,1.0,ATL,0.2,2,0,0,5.24,4.33,2,2,1,0,-0.012
2023,pallaan,1.0,ATL,0.1,0,0,0,5.21,4.33,0,1,1,0,0.040
2023,pallaan,1.0,CIN,0.2,2,0,0,5.15,4.31,3,1,0,1,0.038
2023,pallaan,1.0,CIN,0.2,0,1,1,5.09,4.32,2,0,0,0,-0.009
2023,pallaan,1.0,BAL,1.2,3,0,1,5.25,4.69,4,3,1,0,-0.340
2023,pallaan,0.0,PHI,1.0,0,0,0,5.16,4.66,3,0,0,0,0.019
2023,pallaan,0.0,PHI,2.0,1,0,1,5.00,4.59,6,0,0,0,0.022
2023,pallaan,0.0,MIL,1.0,1,0,0,4.92,4.57,2,2,0,0,-0.031
2023,pallaan,1.0,SDP,1.1,0,2,0,4.82,4.63,3,0,0,0,0.071
2023,pallaan,1.0,MIL,1.2,1,1,1,4.70,4.61,3,1,1,0,0.027
2023,pallaan,0.0,CIN,1.0,4,0,0,4.76,4.59,4,3,2,0,-0.026
2023,stromma,0.0,MIL,6.0,3,3,8,0.00,2.09,9,3,2,1,0.259
2023,stromma,0.0,TEX,6.0,2,3,6,0.00,2.67,8,5,4,1,0.367
2023,stromma,0.0,SEA,6.0,5,2,6,1.00,2.53,11,6,3,1,0.088
2023,stromma,1.0,OAK,6.0,2,2,5,0.75,2.55,8,7,4,0,0.351
2023,stromma,0.0,LAD,5.0,6,1,5,2.17,3.77,8,8,3,0,-0.370
2023,stromma,1.0,MIA,6.1,6,2,3,2.29,3.68,12,7,6,1,-0.005
2023,stromma,1.0,WSN,6.0,5,3,5,2.18,3.59,9,7,5,1,0.249
2023,stromma,0.0,STL,6.0,4,1,6,2.28,3.36,6,10,5,0,0.042
2023,stromma,1.0,MIN,2.2,7,2,3,3.24,3.62,6,6,4,0,-0.269
2023,stromma,1.0,PHI,6.0,3,2,4,3.05,3.54,9,9,3,0,0.120
2023,stromma,0.0,NYM,8.0,4,2,3,2.95,3.71,18,4,0,0,0.289
2023,stromma,0.0,TBR,9.0,1,1,8,2.59,3.52,12,7,1,0,0.752
2023,stromma,1.0,SDP,6.0,4,3,6,2.39,3.46,11,6,4,0,0.133
2023,stromma,1.0,SFG,6.2,6,4,5,2.42,3.47,14,5,5,0,0.198
2023,stromma,0.0,PIT,6.0,4,2,5,2.45,3.41,9,8,6,1,0.066
2023,stromma,1.0,PIT,7.0,5,1,5,2.28,3.33,11,10,5,1,0.458
2023,stromma,1.0,STL,3.1,8,1,2,2.47,3.34,8,8,6,0,-0.410
2023,stromma,0.0,CLE,5.2,5,2,7,2.76,3.26,10,5,4,1,-0.076
2023,stromma,1.0,MIL,5.0,4,4,6,2.96,3.38,5,7,5,0,-0.211
2023,stromma,0.0,BOS,6.0,3,1,3,2.88,3.35,8,9,2,0,0.169
2023,stromma,0.0,STL,3.2,7,4,4,3.09,3.48,7,8,5,0,-0.253
2023,stromma,1.0,CHW,3.1,9,2,4,3.51,3.57,10,6,4,0,-0.440
2023,stromma,0.0,CIN,3.0,6,2,2,3.85,3.57,7,6,4,0,-0.377
2023,stromma,1.0,ARI,2.0,1,1,3,3.79,3.55,3,1,1,0,0.002
2023,stromma,1.0,ARI,1.0,1,0,1,3.76,3.53,2,1,1,0,-0.046
2023,stromma,0.0,COL,3.0,5,1,2,3.88,3.51,5,7,1,1,-0.174
2023,stromma,1.0,ATL,2.0,4,0,2,3.95,3.58,4,5,4,0,-0.285
2023,wachami,0.0,COL,6.0,6,3,2,6.00,6.26,6,15,3,2,-0.003
2023,wachami,1.0,ATL,6.0,2,1,10,3.00,3.34,6,4,2,0,0.331
2023,wachami,0.0,MIL,4.1,11,1,3,6.06,4.72,6,13,6,0,-0.335
2023,wachami,1.0,ARI,4.0,10,1,3,7.08,4.29,4,15,10,0,-0.296
2023,wachami,1.0,CHC,5.0,4,1,5,6.75,4.32,4,10,4,0,-0.126
2023,wachami,0.0,CIN,6.0,2,2,3,5.46,4.21,4,14,1,5,0.369
2023,wachami,1.0,MIN,6.0,3,3,4,4.82,4.09,8,9,3,2,0.230
2023,wachami,0.0,KCR,7.0,1,1,11,4.06,3.59,5,6,1,1,0.314
2023,wachami,0.0,BOS,6.0,5,1,4,3.58,3.45,5,12,6,1,0.166
2023,wachami,1.0,NYY,7.0,5,0,4,3.45,3.52,9,11,4,3,0.109
2023,wachami,0.0,CHC,4.2,3,5,8,3.48,3.69,3,6,1,1,-0.004
2023,wachami,0.0,SEA,6.0,2,1,7,3.18,3.49,2,11,4,2,0.221
2023,wachami,0.0,CLE,6.2,4,1,5,2.89,3.38,2,16,8,5,0.318
2023,wachami,1.0,SFG,6.0,4,2,0,2.90,3.76,11,11,2,1,0.177
2023,wachami,1.0,CIN,5.0,5,2,4,2.84,3.71,7,8,4,0,0.180
2023,wachami,0.0,BAL,5.0,3,1,5,2.68,3.64,6,7,1,0,0.111
2023,wachami,0.0,MIA,5.1,5,2,7,2.63,3.67,5,8,6,1,0.168
2023,wachami,1.0,MIL,5.1,4,5,5,2.84,3.83,8,7,2,2,0.031
2023,wachami,0.0,SFG,6.0,6,2,6,2.85,3.86,6,12,6,2,0.102
2023,wachami,0.0,PHI,4.0,7,3,6,2.99,3.93,2,11,6,0,-0.119
2023,wachami,1.0,LAD,4.0,7,3,3,3.43,4.16,9,7,3,0,-0.315
2023,wachami,0.0,COL,5.0,5,0,6,3.44,4.02,8,7,4,1,-0.092
2023,wachami,0.0,STL,7.0,6,1,6,3.39,4.01,7,13,4,1,0.145
2023,wachami,1.0,CHW,7.0,3,1,7,3.22,3.89,2,15,4,3,0.151
2023,civalaa,1.0,SEA,7.0,2,1,3,0.00,2.83,12,7,1,0,0.453
2023,civalaa,0.0,SEA,5.2,9,1,5,2.84,2.47,5,16,7,5,-0.051
2023,civalaa,1.0,MIN,5.0,4,2,4,2.04,2.58,6,8,6,0,0.285
2023,civalaa,0.0,BOS,5.2,4,2,3,2.31,3.30,10,8,1,1,0.124
2023,civalaa,1.0,SDP,3.2,5,4,7,2.67,4.18,3,6,3,1,-0.066
2023,civalaa,0.0,OAK,6.2,5,3,6,2.67,4.29,7,11,4,2,0.092
2023,civalaa,0.0,MIL,6.0,6,2,5,3.18,4.04,5,13,5,2,-0.188
2023,civalaa,1.0,CHC,6.0,3,1,2,2.96,4.04,10,9,4,3,0.232
2023,civalaa,0.0,KCR,7.0,2,0,9,2.56,3.60,4,10,4,0,0.364
2023,civalaa,1.0,TEX,5.0,5,1,2,2.65,3.78,5,12,3,2,0.103
2023,civalaa,1.0,PIT,5.1,5,1,3,2.71,3.68,6,12,5,0,0.123
2023,civalaa,0.0,KCR,8.0,5,2,5,2.54,3.58,11,11,2,3,0.247
2023,civalaa,1.0,CHW,6.0,3,2,4,2.34,3.53,6,10,5,0,0.341
2023,civalaa,1.0,DET,4.1,9,0,4,2.55,3.41,6,12,8,1,-0.159
2023,civalaa,0.0,CLE,5.0,7,1,2,2.61,3.39,9,12,6,2,0.059
2023,civalaa,1.0,SFG,6.0,5,1,5,2.44,3.31,8,8,3,1,0.268
2023,civalaa,0.0,COL,5.0,4,0,9,2.59,3.29,5,5,1,0,-0.006
2023,civalaa,1.0,MIA,5.0,7,0,5,2.64,3.31,8,9,5,0,0.051
2023,civalaa,0.0,BOS,5.1,2,3,12,2.76,3.17,1,5,1,2,0.110
2023,civalaa,0.0,SEA,5.0,4,3,3,2.96,3.34,6,9,1,2,-0.200
2023,civalaa,1.0,BAL,5.0,4,1,8,3.06,3.45,5,5,2,1,-0.106
2023,civalaa,0.0,LAA,3.0,7,0,7,3.43,3.46,1,8,6,0,-0.358
2023,civalaa,1.0,TOR,1.2,2,2,3,3.46,3.57,2,2,0,1,-0.051
2023,bassich,1.0,STL,3.1,10,0,0,24.30,18.86,5,14,6,0,-0.495
2023,bassich,1.0,LAA,6.0,3,5,5,10.61,10.76,8,8,2,2,-0.072
2023,bassich,0.0,DET,6.0,4,3,7,7.63,7.69,3,11,2,0,0.067
2023,bassich,1.0,HOU,6.1,3,1,5,5.40,6.07,10,8,5,0,0.259
2023,bassich,0.0,CHW,6.1,3,3,4,4.82,5.58,10,9,4,2,0.070
2023,bassich,0.0,SEA,5.0,2,4,7,5.18,5.65,2,7,2,0,-0.139
2023,bassich,1.0,PIT,7.0,4,4,5,4.28,5.28,8,9,3,4,0.352
2023,bassich,0.0,ATL,9.0,2,2,8,3.49,4.83,8,11,5,2,0.569
2023,bassich,0.0,NYY,7.0,3,1,7,3.05,4.49,11,6,2,0,0.447
2023,bassich,1.0,TBR,6.1,7,1,4,3.03,4.91,7,15,5,1,-0.242
2023,bassich,1.0,MIN,4.0,9,2,5,3.80,5.18,6,10,5,2,-0.503
2023,bassich,1.0,NYM,7.2,4,0,8,3.41,4.77,7,12,3,4,0.614
2023,bassich,0.0,HOU,8.0,4,0,5,3.29,4.66,14,8,4,0,0.285
2023,bassich,1.0,BAL,3.0,11,1,5,4.02,4.98,4,11,5,0,-0.428
2023,bassich,1.0,TEX,3.2,7,3,2,4.16,4.97,9,8,5,1,-0.246
2023,bassich,0.0,OAK,5.0,5,2,4,4.32,5.03,3,12,2,3,-0.183
2023,bassich,0.0,SFG,6.0,3,3,12,4.06,4.80,4,5,4,0,0.358
2023,bassich,1.0,CHW,6.0,6,1,5,4.09,4.80,11,6,3,0,-0.145
2023,bassich,1.0,DET,4.0,9,0,4,4.19,4.79,3,14,7,2,-0.146
2023,bassich,0.0,ARI,6.0,7,0,5,4.12,4.62,11,8,4,0,0.133
2023,bassich,0.0,SDP,6.0,4,1,5,3.92,4.52,6,11,4,2,0.370
2023,bassich,1.0,LAD,5.0,4,4,6,3.91,4.57,5,8,4,1,0.036
2023,bassich,0.0,BAL,6.0,7,2,7,4.00,4.55,6,11,5,0,-0.171
2023,bassich,1.0,BOS,7.0,7,3,6,3.87,4.56,9,12,3,0,0.145
2023,bassich,0.0,CHC,6.0,4,2,6,3.95,4.55,4,11,6,1,-0.171
2023,bassich,1.0,CIN,6.0,3,1,6,3.92,4.53,8,7,2,1,0.059
2023,bassich,0.0,CLE,5.2,7,2,5,4.00,4.62,5,13,2,3,-0.184
2023,bassich,0.0,WSN,8.0,3,1,3,3.81,4.56,8,15,7,2,0.287
2023,bassich,1.0,OAK,8.0,7,0,7,3.69,4.41,11,11,6,1,0.360
2023,bassich,0.0,TEX,5.1,9,3,3,3.83,4.47,9,10,6,2,-0.304
2023,bassich,0.0,BOS,7.0,4,3,5,3.78,4.49,7,12,3,1,0.076
2023,bassich,1.0,TBR,6.2,6,0,8,3.74,4.43,10,8,5,1,0.135
2023,bassich,0.0,NYY,7.2,5,1,12,3.60,4.28,12,4,1,1,0.342
2023,martini,0.0,COL,7.0,6,2,5,5.14,4.54,12,10,3,0,-0.128
2023,martini,1.0,ATL,4.2,4,5,4,6.17,5.74,8,6,2,0,-0.269
2023,martini,0.0,MIL,6.0,5,3,2,5.60,6.65,12,9,5,2,-0.036
2023,martini,0.0,ATL,7.0,3,2,6,4.01,5.44,8,9,2,1,0.464
2023,martini,1.0,CHC,3.0,3,0,2,3.58,5.06,8,2,1,0,0.301
2023,martini,0.0,SFG,2.0,0,0,5,3.34,4.60,1,0,0,0,0.131
2023,martini,0.0,CIN,2.0,2,1,2,3.41,4.49,3,3,1,0,-0.039
2023,martini,0.0,LAD,1.1,0,0,1,3.27,4.38,2,1,0,0,0.123
2023,martini,0.0,LAD,1.1,1,1,1,3.15,4.36,0,4,3,0,0.143
2023,martini,1.0,MIN,1.0,0,1,2,3.06,4.30,0,1,0,0,0.092
2023,martini,1.0,LAD,1.0,0,0,1,2.97,4.22,0,2,1,1,0.016
2023,martini,0.0,KCR,2.0,1,0,2,2.82,4.06,3,2,1,0,0.063
2023,martini,0.0,KCR,1.0,0,0,1,2.75,3.99,1,1,0,0,0.054
2023,martini,0.0,BOS,1.0,2,0,1,2.68,3.92,1,3,2,0,0.003
2023,martini,1.0,WSN,1.0,2,0,1,2.83,3.86,3,1,1,0,0.010
2023,martini,1.0,WSN,1.0,4,0,0,2.98,3.85,4,2,0,1,-0.435
2023,martini,1.0,NYY,2.1,3,1,1,2.82,3.84,5,2,1,0,0.064
2023,martini,1.0,MIA,1.0,1,1,0,2.76,3.89,3,0,0,0,0.114
2023,martini,1.0,MIA,1.0,1,1,0,2.70,3.94,3,1,1,0,0.151
2023,martini,0.0,CHC,1.0,0,0,2,2.64,3.84,1,0,0,0,0.044
2023,martini,0.0,CHC,1.0,1,0,1,2.59,3.79,2,1,1,0,0.024
2023,martini,1.0,COL,1.0,3,0,2,2.90,3.96,2,2,1,0,-0.013
2023,martini,1.0,COL,1.0,1,1,0,2.84,4.01,2,2,0,0,0.155
2023,martini,0.0,CLE,1.0,1,0,0,2.79,3.99,3,1,1,0,0.044
2023,martini,0.0,CLE,2.0,2,0,2,2.85,3.89,1,5,2,1,0.061
2023,martini,0.0,TBR,1.0,0,0,1,2.80,3.84,2,0,0,0,0.076
2023,martini,0.0,TBR,1.0,5,0,1,3.07,3.79,4,2,1,0,-0.062
2023,martini,1.0,SFG,1.2,2,1,0,3.30,4.06,3,4,0,0,-0.172
2023,martini,0.0,WSN,1.0,0,0,1,3.24,4.01,2,0,0,0,0.036
2023,martini,1.0,PIT,0.0,4,1,0,4.01,4.11,2,2,2,0,-0.202
2023,martini,1.0,CIN,1.2,0,0,1,3.90,4.06,2,1,0,0,0.084
2023,martini,1.0,CIN,0.1,1,0,0,4.03,4.27,1,1,0,0,-0.365
2023,martini,0.0,LAA,1.1,0,0,2,3.94,4.18,2,0,0,0,0.027
2023,martini,0.0,LAA,1.0,1,1,1,4.02,4.39,1,2,0,1,-0.103
2023,martini,0.0,NYM,1.0,1,2,1,3.96,4.43,2,0,0,0,0.140
2023,martini,0.0,NYM,1.0,0,0,3,3.90,4.32,0,0,0,0,0.076
2023,martini,1.0,PHI,1.0,0,0,1,3.84,4.28,2,0,0,0,0.016
2023,martini,1.0,PHI,1.0,1,1,1,3.92,4.47,2,1,0,0,-0.132
2023,martini,1.0,PHI,2.0,0,0,1,3.80,4.41,3,2,0,1,0.252
2023,martini,1.0,TOR,1.0,2,0,1,3.75,4.36,0,4,2,2,0.091
2023,martini,1.0,DET,1.0,2,0,1,3.95,4.50,0,4,3,0,-0.128
2023,martini,0.0,PIT,1.0,1,0,3,3.89,4.40,0,1,1,0,0.008
2023,martini,0.0,PIT,1.0,1,0,2,3.84,4.37,1,1,1,0,0.054
2023,martini,0.0,TEX,1.0,0,0,2,3.79,4.30,1,0,0,0,0.005
2023,martini,0.0,TEX,1.0,3,0,2,3.98,4.23,1,3,3,0,-0.122
2023,martini,1.0,COL,1.0,0,1,1,3.93,4.23,2,1,0,0,-0.136
2023,martini,1.0,COL,3.0,1,0,3,3.78,4.12,2,5,2,0,0.166
2023,martini,0.0,LAD,2.0,1,1,1,3.68,4.11,2,3,0,1,0.066
2023,martini,1.0,SEA,3.0,4,1,1,3.55,4.09,6,5,4,1,0.151
2023,martini,1.0,ARI,1.1,2,1,2,3.71,4.22,2,2,1,0,-0.276
2023,martini,0.0,BAL,1.0,0,0,1,3.66,4.19,1,1,1,0,0.097
2023,martini,0.0,ARI,2.0,3,3,3,3.99,4.35,1,4,2,1,-0.063
2023,martini,0.0,MIA,1.0,1,1,0,3.94,4.37,3,1,1,0,0.016
2023,martini,1.0,MIL,1.1,4,1,2,4.08,4.34,2,4,2,0,-0.233
2023,martini,1.0,STL,1.0,0,0,0,4.04,4.33,2,1,0,0,0.143
2023,martini,0.0,SFG,2.0,1,0,2,3.95,4.26,2,2,2,0,0.030
2023,martini,0.0,SFG,1.0,1,0,1,3.91,4.26,1,2,0,1,0.030
2023,martini,0.0,PHI,2.1,1,1,4,3.82,4.19,4,0,0,0,0.030
2023,martini,1.0,HOU,0.2,4,0,0,3.88,4.18,2,3,3,0,-0.136
2023,martini,1.0,LAD,1.0,1,0,0,3.84,4.17,3,1,1,0,0.008
2023,martini,1.0,OAK,3.0,1,0,5,3.73,4.04,3,2,0,0,0.152
2023,martini,0.0,STL,4.0,2,3,3,3.59,4.04,7,3,0,2,0.221
2023,martini,1.0,CHW,5.0,2,2,8,3.43,3.92,4,5,2,0,0.292
2024,boydma,0.0,CHC,5.1,3,0,6,1.69,0.92,4,9,3,1,0.199
2024,boydma,1.0,NYY,5.1,4,4,2,3.38,5.23,6,12,4,2,-0.070
2024,boydma,0.0,TEX,6.0,3,1,4,2.70,4.19,7,10,3,2,0.239
2024,boydma,0.0,PIT,6.0,4,0,8,2.38,3.21,4,9,3,3,0.180
2024,boydma,1.0,LAD,6.0,3,0,6,2.20,3.34,5,10,3,0,0.223
2024,boydma,1.0,CHW,4.1,6,2,9,2.18,3.04,4,7,4,0,-0.136
2024,boydma,0.0,MIN,2.2,5,3,5,2.52,3.03,2,6,5,1,-0.200
2024,boydma,1.0,STL,4.0,4,3,6,2.72,3.29,3,7,3,2,-0.039
2024,oberba,1.0,KCR,1.1,9,1,1,54.00,33.17,3,9,2,1,-0.373
2024,oberba,0.0,LAD,5.0,3,2,7,12.79,8.22,3,7,4,1,0.172
2024,oberba,1.0,DET,6.0,3,0,3,6.57,5.27,8,10,3,5,0.243
2024,oberba,0.0,DET,6.0,2,1,6,4.91,4.09,2,12,3,3,0.266
2024,oberba,1.0,LAA,7.1,3,3,8,4.21,3.56,4,12,4,1,0.301
2024,oberba,1.0,CHW,6.0,6,0,3,4.55,3.70,8,12,7,4,-0.160
2024,oberba,0.0,SEA,5.0,3,1,7,4.42,3.77,3,7,2,0,0.042
2024,oberba,1.0,TOR,6.1,1,0,10,3.77,3.21,2,8,5,0,0.377
2024,oberba,1.0,CLE,4.0,8,1,4,4.40,3.38,3,12,7,0,-0.260
2024,oberba,0.0,TEX,5.0,4,3,5,4.33,3.70,4,10,1,3,0.072
2024,oberba,0.0,KCR,5.0,9,0,4,4.89,4.20,6,14,6,0,-0.342
2024,oberba,1.0,NYY,5.0,3,4,2,4.94,4.46,6,10,1,4,-0.121
2024,oberba,1.0,PIT,4.2,7,2,5,5.13,4.31,9,5,3,1,-0.283
2024,oberba,0.0,OAK,6.1,6,2,8,4.81,4.25,5,10,4,3,0.224
2024,oberba,1.0,OAK,9.0,4,0,10,4.50,4.20,7,13,2,0,-0.023
2024,oberba,1.0,SEA,6.0,2,3,9,4.30,4.03,4,6,3,0,0.176
2024,oberba,0.0,DET,6.0,7,0,8,4.12,3.94,6,12,4,2,-0.069
2024,oberba,1.0,CHW,6.0,4,1,6,4.14,3.94,6,9,2,1,-0.047
2024,oberba,0.0,PHI,7.0,4,1,4,4.04,3.96,9,11,2,2,0.206
2024,oberba,1.0,DET,8.0,1,2,11,3.76,3.77,5,9,0,2,0.459
2024,oberba,0.0,CHW,7.0,2,2,7,3.69,3.80,4,12,3,3,0.146
2024,oberba,0.0,CLE,6.0,2,2,9,3.52,3.67,3,9,3,1,0.304
2024,oberba,1.0,TEX,6.0,7,3,3,3.49,3.67,9,13,4,2,0.143
2024,oberba,1.0,SDP,6.0,4,0,5,3.54,3.67,4,13,4,2,-0.132
2024,oberba,0.0,ATL,2.0,7,2,2,4.06,3.86,5,6,3,0,-0.492
2024,oberba,0.0,TOR,6.0,1,3,8,3.95,3.88,3,9,1,3,0.199
2024,oberba,1.0,KCR,7.0,1,0,7,3.77,3.77,7,8,0,1,0.440
2024,oberba,0.0,CIN,6.2,6,2,6,3.90,3.79,6,13,3,0,-0.097
2024,oberba,1.0,CLE,7.0,4,0,12,3.84,3.78,5,8,2,2,0.119
2024,oberba,0.0,MIA,5.0,8,2,7,3.94,3.81,7,8,3,0,-0.214
2024,oberba,0.0,BAL,5.0,5,0,4,3.98,3.82,5,11,4,1,-0.129
2024,bradlta,0.0,NYY,6.0,4,2,7,1.50,1.83,3,12,7,0,0.175
2024,bradlta,1.0,BOS,5.0,4,1,6,2.45,3.08,5,7,2,0,0.009
2024,bradlta,0.0,BOS,7.0,6,0,10,4.00,3.44,5,12,6,2,-0.218
2024,bradlta,0.0,KCR,5.0,1,3,6,3.13,3.25,3,7,2,2,0.275
2024,bradlta,1.0,BAL,3.1,9,3,3,5.81,5.33,7,9,1,0,-0.762
2024,bradlta,0.0,BAL,5.0,3,1,7,5.17,5.05,2,9,3,0,0.122
2024,bradlta,0.0,CHC,7.0,3,2,11,4.23,4.29,10,4,2,0,0.055
2024,bradlta,1.0,MIN,6.0,7,2,3,4.06,4.43,8,13,6,1,0.046
2024,bradlta,0.0,SEA,5.1,2,4,8,3.81,4.47,5,5,0,2,0.133
2024,bradlta,0.0,WSN,5.2,3,2,11,3.42,4.05,5,4,2,1,0.217
2024,bradlta,1.0,TEX,6.0,5,2,5,3.23,3.90,8,9,4,0,0.005
2024,bradlta,0.0,CLE,7.0,5,2,8,2.90,3.68,6,11,4,1,0.413
2024,bradlta,1.0,NYY,7.0,1,2,5,2.63,3.58,13,3,2,0,0.231
2024,bradlta,1.0,TOR,6.0,2,1,7,2.43,3.41,7,6,1,2,0.261
2024,bradlta,0.0,MIA,5.0,4,1,6,2.71,3.59,4,9,2,1,-0.237
2024,bradlta,1.0,STL,4.2,9,3,3,3.07,3.61,8,12,7,0,-0.302
2024,bradlta,0.0,HOU,4.1,8,2,6,3.49,3.83,6,9,6,0,-0.308
2024,bradlta,1.0,OAK,6.0,5,3,2,3.55,3.97,8,11,4,2,-0.105
2024,bradlta,1.0,LAD,6.0,7,0,5,3.77,4.07,7,12,4,2,-0.457
2024,bradlta,0.0,SDP,2.1,8,2,2,4.35,4.19,2,11,6,0,-0.429
2024,bradlta,0.0,MIN,7.0,6,1,10,4.40,4.20,8,8,3,3,-0.113
2024,bradlta,1.0,PHI,6.0,6,2,6,4.40,4.32,8,10,3,1,-0.142
2024,bradlta,1.0,CLE,4.1,5,3,6,4.39,4.25,3,9,3,2,0.008
2024,bradlta,0.0,TOR,5.0,6,2,4,4.30,4.20,8,9,6,1,0.171
2024,bradlta,1.0,BOS,6.0,3,1,7,4.11,4.09,8,5,2,1,0.360
2024,bibeeta,1.0,OAK,4.0,6,5,4,6.75,4.92,8,5,4,1,-0.147
2024,bibeeta,1.0,MIN,5.1,5,0,9,3.86,3.70,3,10,3,1,0.202
2024,bibeeta,0.0,CHW,4.1,6,3,2,5.93,4.85,7,8,5,0,-0.300
2024,bibeeta,1.0,BOS,5.0,5,2,3,4.82,5.09,5,11,3,3,0.149
2024,bibeeta,0.0,OAK,5.2,5,2,8,4.44,4.77,4,11,3,3,0.055
2024,bibeeta,1.0,ATL,7.0,2,0,9,3.45,3.84,6,7,1,0,0.447
2024,bibeeta,0.0,LAA,5.0,8,1,4,4.46,4.32,9,9,3,0,-0.275
2024,bibeeta,0.0,DET,4.0,5,0,5,4.91,4.03,5,7,2,2,-0.285
2024,bibeeta,1.0,TEX,5.1,3,2,4,4.34,3.89,5,10,1,0,0.139
2024,bibeeta,0.0,MIN,7.0,4,1,8,3.93,3.79,4,13,4,1,0.354
2024,bibeeta,1.0,LAA,6.0,6,1,6,3.99,3.85,9,8,3,2,0.109
2024,bibeeta,0.0,WSN,6.1,3,1,7,3.74,3.61,4,12,6,1,0.170
2024,bibeeta,0.0,KCR,5.0,6,1,7,3.73,3.47,5,10,7,0,0.031
2024,bibeeta,1.0,CIN,5.1,4,1,11,3.94,3.54,5,4,1,0,-0.237
2024,bibeeta,0.0,SEA,6.0,3,1,12,3.65,3.25,3,6,3,0,0.245
2024,bibeeta,1.0,BAL,6.0,5,1,7,3.50,3.12,5,12,4,5,0.119
2024,bibeeta,1.0,KCR,6.0,4,0,3,3.47,3.34,6,11,1,1,0.071
2024,bibeeta,0.0,SFG,4.2,6,2,6,3.67,3.27,7,8,4,0,-0.213
2024,bibeeta,1.0,DET,7.0,5,3,8,3.77,3.35,5,11,3,1,-0.124
2024,bibeeta,0.0,SDP,5.2,2,3,3,3.58,3.36,3,12,5,1,0.340
2024,bibeeta,0.0,DET,5.0,2,1,4,3.50,3.43,4,8,2,0,0.137
2024,bibeeta,1.0,DET,6.0,7,0,2,3.48,3.38,10,12,7,1,0.184
2024,bibeeta,1.0,MIN,5.2,6,0,5,3.39,3.39,4,14,4,2,0.179
2024,bibeeta,1.0,MIL,5.0,3,1,7,3.33,3.40,3,7,3,1,0.007
2024,bibeeta,0.0,TEX,5.2,8,1,6,3.46,3.33,3,16,9,3,-0.154
2024,bibeeta,0.0,KCR,5.0,8,2,6,3.65,3.55,6,11,2,3,-0.282
2024,bibeeta,1.0,KCR,6.0,2,3,6,3.56,3.54,5,9,6,2,0.245
2024,bibeeta,1.0,LAD,5.0,4,3,4,3.56,3.61,3,11,3,1,-0.010
2024,bibeeta,0.0,TBR,6.0,8,0,9,3.60,3.65,2,14,4,2,-0.090
2024,bibeeta,0.0,MIN,6.2,5,1,5,3.56,3.60,9,11,5,3,0.107
2024,bibeeta,0.0,CIN,7.0,4,2,7,3.47,3.56,9,7,3,2,0.254
2024,nolaaa,0.0,ATL,4.1,11,1,3,12.46,8.47,11,9,6,0,-0.518
2024,nolaaa,1.0,WSN,5.2,2,4,4,5.40,5.87,7,7,4,0,0.271
2024,nolaaa,1.0,STL,6.0,3,3,3,4.50,6.67,6,11,2,3,0.137
2024,nolaaa,0.0,COL,7.1,4,1,9,3.47,5.48,8,9,2,1,0.302
2024,nolaaa,0.0,CHW,8.0,4,1,7,3.16,4.95,12,9,4,2,0.108
2024,nolaaa,1.0,SDP,8.0,7,1,10,3.20,4.49,7,14,6,0,0.151
2024,nolaaa,0.0,SFG,4.0,4,4,4,3.32,4.46,3,8,2,2,-0.014
2024,nolaaa,0.0,TOR,5.2,9,0,7,3.67,4.02,9,10,8,2,-0.119
2024,nolaaa,1.0,NYM,9.0,4,0,8,3.10,3.61,9,13,7,2,0.530
2024,nolaaa,0.0,WSN,7.0,2,3,5,3.05,3.95,9,9,1,2,-0.041
2024,nolaaa,1.0,COL,6.0,5,2,5,3.04,3.83,6,11,5,1,-0.018
2024,nolaaa,0.0,STL,6.1,3,2,6,3.03,4.03,7,9,3,2,0.170
2024,nolaaa,0.0,MIL,7.0,2,0,5,2.77,3.84,10,8,5,1,0.416
2024,nolaaa,1.0,BOS,3.2,11,2,2,3.48,3.98,6,13,9,0,-0.500
2024,nolaaa,0.0,SDP,6.0,4,1,6,3.54,3.97,6,9,3,2,-0.125
2024,nolaaa,1.0,DET,7.0,6,0,6,3.39,3.83,12,7,3,1,0.160
2024,nolaaa,0.0,MIA,6.2,6,0,9,3.43,3.74,9,9,5,0,0.073
2024,nolaaa,1.0,ATL,6.0,5,0,8,3.48,3.80,7,8,2,0,0.061
2024,nolaaa,0.0,LAD,6.0,4,2,9,3.38,3.78,5,8,3,1,0.244
2024,nolaaa,1.0,PIT,5.0,6,1,4,3.54,3.74,9,7,5,0,-0.131
2024,nolaaa,1.0,MIN,6.0,6,3,6,3.44,3.79,7,10,2,1,0.218
2024,nolaaa,0.0,NYY,5.2,7,3,4,3.43,3.86,7,13,6,0,0.049
2024,nolaaa,1.0,LAD,6.0,8,0,4,3.54,3.87,8,12,8,3,-0.215
2024,nolaaa,1.0,ARI,5.0,9,3,4,3.60,4.03,7,11,5,2,-0.197
2024,nolaaa,0.0,WSN,6.2,7,2,4,3.45,4.00,7,13,5,1,0.313
2024,nolaaa,1.0,ATL,5.1,8,2,5,3.45,4.03,11,8,5,0,-0.055
2024,nolaaa,0.0,HOU,7.0,4,1,6,3.30,3.94,6,13,4,1,0.283
2024,nolaaa,0.0,ATL,6.0,4,1,9,3.29,3.90,5,8,2,1,0.041
2024,nolaaa,1.0,MIA,4.2,9,2,5,3.41,4.00,8,10,4,3,-0.310
2024,nolaaa,0.0,NYM,4.1,6,2,7,3.62,4.08,5,7,4,0,-0.248
2024,nolaaa,1.0,MIL,7.0,3,1,9,3.54,4.04,8,7,2,1,0.311
2024,nolaaa,0.0,CHC,6.0,7,2,7,3.52,3.97,9,8,4,0,0.124
2024,nolaaa,1.0,WSN,5.0,9,0,7,3.57,3.94,10,6,4,0,-0.026
2024,rayro,1.0,LAD,5.0,0,2,8,1.80,2.37,2,5,0,2,0.164
2024,rayro,0.0,OAK,4.1,7,3,4,4.82,7.02,5,9,2,1,-0.186
2024,rayro,1.0,CIN,5.0,3,1,9,4.40,6.45,3,6,3,0,0.061
2024,rayro,0.0,DET,6.0,5,3,7,3.98,5.23,3,11,5,1,0.030
2024,rayro,0.0,ATL,0.2,1,3,2,6.00,6.31,0,1,0,0,-0.382
2024,rayro,0.0,CHW,6.2,3,0,9,4.88,5.01,4,10,3,3,0.258
2024,rayro,1.0,SEA,3.0,1,3,4,4.70,4.96,1,4,2,1,0.055
2024,heanean,1.0,TBR,4.2,4,0,7,1.93,0.81,3,9,3,2,0.067
2024,heanean,0.0,HOU,3.2,4,3,2,7.56,4.37,6,7,2,0,-0.224
2024,heanean,1.0,HOU,3.2,4,4,1,6.75,5.08,7,7,2,0,0.041
2024,heanean,1.0,ATL,5.0,3,2,5,6.35,5.81,2,11,1,5,-0.092
2024,heanean,0.0,SEA,6.0,5,0,7,6.26,5.64,4,12,6,1,-0.206
2024,heanean,0.0,WSN,7.0,4,0,4,5.10,4.80,9,10,3,0,0.236
2024,heanean,1.0,OAK,6.0,7,0,5,4.50,4.25,8,13,3,1,-0.015
2024,heanean,1.0,COL,5.0,8,0,8,4.39,4.04,3,11,7,1,-0.067
2024,heanean,0.0,LAA,3.2,5,2,5,4.43,4.17,4,8,4,0,-0.194
2024,heanean,1.0,PHI,3.1,9,2,1,4.69,4.46,5,13,7,1,-0.309
2024,heanean,0.0,ARI,2.1,2,1,1,4.47,4.42,4,4,2,1,-0.050
2024,heanean,1.0,MIA,6.0,4,0,7,3.99,4.04,6,8,6,1,0.299
2024,heanean,0.0,SFG,5.2,5,1,5,4.06,4.05,3,14,8,0,-0.112
2024,heanean,1.0,SEA,4.2,6,3,4,4.19,4.20,8,8,2,1,-0.137
2024,heanean,0.0,NYM,6.0,4,2,9,4.21,4.13,5,8,2,0,-0.104
2024,heanean,1.0,MIL,5.0,6,2,4,4.17,4.21,6,11,6,1,0.011
2024,heanean,1.0,BAL,7.0,5,0,10,4.04,3.92,5,12,7,1,0.061
2024,heanean,0.0,TBR,5.1,3,2,7,3.80,3.82,6,5,2,1,0.297
2024,heanean,1.0,HOU,5.0,5,2,5,3.79,4.02,5,11,2,4,-0.101
2024,heanean,0.0,BAL,5.0,2,3,4,3.60,3.99,3,10,1,2,0.255
2024,heanean,1.0,TOR,5.0,7,1,4,3.77,3.90,7,11,4,3,-0.186
2024,heanean,1.0,STL,4.1,6,1,2,4.12,3.86,6,12,8,2,-0.225
2024,heanean,0.0,HOU,6.0,1,1,4,3.98,3.92,5,10,3,0,0.201
2024,heanean,1.0,NYY,4.2,5,2,4,4.05,3.98,5,10,4,1,-0.045
2024,heanean,0.0,MIN,4.1,5,1,8,4.20,4.08,4,6,2,0,-0.242
2024,heanean,0.0,PIT,5.0,5,1,8,4.04,3.97,2,10,5,0,0.275
2024,heanean,1.0,CHW,5.0,5,1,2,3.95,3.93,10,8,4,1,0.157
2024,heanean,0.0,NYY,5.0,3,1,8,3.81,3.83,3,7,5,0,0.219
2024,heanean,0.0,LAA,6.0,3,1,8,3.84,3.81,4,10,5,0,0.014
2024,heanean,1.0,SEA,5.0,7,1,3,3.89,3.87,3,15,7,2,-0.172
2024,heanean,0.0,SEA,5.2,7,1,4,3.98,3.94,6,14,6,1,-0.014
2024,heanean,1.0,LAA,4.0,10,0,3,4.28,4.04,8,11,5,2,-0.406
2024,kochaja,0.0,SEA,3.0,7,0,1,12.00,8.83,7,6,5,0,-0.321
2024,kochaja,1.0,OAK,4.0,7,3,4,14.14,7.59,7,5,2,0,-0.362
2024,kochaja,1.0,WSN,7.2,6,1,2,7.98,6.10,17,9,4,0,0.223
2024,kochaja,0.0,ATL,6.0,7,3,0,6.53,6.46,11,11,5,0,0.060
2024,kochaja,1.0,TOR,6.0,7,0,1,6.08,5.64,18,6,2,2,-0.104
2024,kochaja,1.0,DET,6.0,5,0,4,4.96,5.03,7,10,8,0,0.323
2024,kochaja,1.0,TEX,6.0,8,1,0,4.89,5.23,11,13,7,1,-0.092
2024,kochaja,1.0,MIN,5.2,7,1,3,5.08,5.33,8,11,6,1,-0.231
2024,kochaja,0.0,CHW,7.0,5,0,5,4.56,5.09,11,10,4,3,0.238
2024,kochaja,1.0,CHW,7.0,3,0,4,4.01,4.73,14,5,3,0,0.455
2024,kochaja,0.0,TEX,7.0,6,1,1,3.99,4.62,15,11,6,4,0.002
2024,pivetni,1.0,SEA,6.0,3,0,10,1.50,2.00,3,8,4,1,0.129
2024,pivetni,1.0,OAK,5.0,5,1,3,0.82,2.26,8,8,2,0,0.287
2024,pivetni,1.0,ATL,4.0,7,1,1,3.60,5.17,8,9,3,1,-0.293
2024,pivetni,0.0,TBR,5.2,4,0,8,3.48,5.10,4,8,2,2,0.110
2024,pivetni,1.0,STL,6.0,1,0,8,3.04,4.55,3,8,2,1,0.163
2024,pivetni,0.0,MIL,3.1,7,3,3,4.20,4.50,0,14,10,2,-0.289
2024,pivetni,0.0,DET,5.1,3,2,9,4.08,4.33,4,6,2,0,-0.012
2024,pivetni,0.0,ATL,7.0,1,2,9,3.40,3.85,6,7,1,3,0.264
2024,pivetni,0.0,PHI,4.0,6,4,4,3.88,3.88,5,9,4,1,-0.211
2024,pivetni,1.0,TOR,7.0,9,1,4,3.88,4.18,5,19,8,3,0.112
2024,pivetni,1.0,CIN,4.1,6,1,5,4.06,4.43,5,9,1,0,-0.173
2024,pivetni,0.0,TOR,6.0,4,0,10,3.96,4.20,4,9,5,2,0.146
2024,pivetni,0.0,SDP,4.0,7,1,4,4.39,4.26,6,9,4,2,-0.219
2024,pivetni,1.0,MIA,7.0,1,2,10,3.98,3.97,3,8,2,0,0.477
2024,pivetni,0.0,OAK,6.2,6,2,10,4.09,3.73,4,12,5,1,-0.151
2024,pivetni,1.0,LAD,6.0,2,1,8,3.81,3.54,3,9,3,1,0.370
2024,pivetni,1.0,COL,2.2,10,0,6,4.40,3.69,2,11,7,0,-0.411
2024,pivetni,0.0,SEA,6.2,6,1,10,4.38,3.75,4,12,4,2,0.158
2024,pivetni,1.0,TEX,4.2,2,1,5,4.35,3.91,4,8,1,1,0.038
2024,pivetni,1.0,BAL,5.0,3,1,6,4.40,4.06,3,8,3,0,-0.167
2024,pivetni,1.0,HOU,5.0,6,3,2,4.61,4.30,4,14,6,2,-0.297
2024,pivetni,1.0,DET,6.0,7,1,6,4.53,4.16,6,12,5,3,0.056
2024,pivetni,0.0,CHW,6.0,5,3,6,4.38,4.09,7,9,6,0,0.236
2024,pivetni,0.0,BAL,6.0,4,1,9,4.24,4.03,8,5,2,1,0.250
2024,pivetni,1.0,TBR,4.2,5,0,6,4.37,4.20,5,8,2,2,-0.196
2024,pivetni,0.0,MIN,5.0,4,3,4,4.21,4.17,7,9,1,2,0.149
2024,pivetni,0.0,TBR,6.2,4,1,6,4.14,4.07,8,9,2,3,0.187
2024,feltnry,1.0,ARI,5.0,5,2,4,5.40,5.97,5,10,3,4,-0.260
2024,feltnry,0.0,TBR,6.0,2,2,10,3.27,3.17,8,2,1,0,0.223
2024,feltnry,1.0,TOR,5.0,8,2,4,3.38,3.85,10,8,1,3,-0.008
2024,feltnry,1.0,PHI,5.1,9,2,8,5.06,4.43,7,10,3,1,-0.300
2024,feltnry,0.0,SDP,4.0,10,2,4,5.68,4.15,5,11,7,0,-0.214
2024,feltnry,1.0,MIA,8.0,5,0,3,5.13,3.83,12,12,4,2,0.124
2024,feltnry,1.0,PIT,5.2,8,0,3,5.54,3.91,10,12,5,0,-0.400
2024,feltnry,0.0,TEX,6.0,5,2,4,5.20,3.77,11,8,3,1,0.073
2024,feltnry,1.0,SFG,4.0,7,2,2,5.69,4.02,7,10,4,0,-0.428
2024,feltnry,1.0,OAK,6.0,4,2,6,5.07,3.82,3,13,6,0,0.309
2024,feltnry,0.0,CLE,4.1,8,2,1,5.46,4.28,7,14,6,2,-0.566
2024,feltnry,0.0,CIN,4.1,10,0,3,6.22,4.31,9,10,7,0,-0.499
2024,feltnry,1.0,STL,5.1,2,1,7,5.74,4.06,7,6,0,1,-0.140
2024,feltnry,0.0,PIT,6.2,7,1,8,5.71,4.33,10,6,2,0,-0.118
2024,feltnry,0.0,LAD,5.0,7,2,6,6.02,4.22,6,10,8,0,-0.369
2024,feltnry,1.0,HOU,6.0,6,1,2,5.82,4.17,11,10,4,1,-0.019
2024,feltnry,0.0,MIL,5.0,6,2,3,5.60,4.12,8,9,7,1,0.192
2024,feltnry,1.0,CIN,7.0,4,3,6,5.29,4.02,9,7,3,1,0.066
2024,feltnry,1.0,NYM,3.2,2,5,7,5.36,4.00,3,5,3,1,-0.244
2024,feltnry,0.0,SFG,7.0,6,1,6,5.19,4.10,6,13,6,0,0.069
2024,feltnry,1.0,SFG,6.0,4,4,6,4.99,4.19,7,8,1,0,0.155
2024,feltnry,1.0,LAA,6.0,7,1,3,4.97,4.33,8,14,7,1,-0.096
2024,feltnry,0.0,NYM,1.0,2,0,1,5.00,4.30,1,3,2,1,-0.047
2024,feltnry,0.0,MIA,5.0,7,2,2,4.95,4.27,11,7,5,0,0.021
2024,feltnry,0.0,BAL,4.2,6,1,6,5.11,4.39,4,9,5,0,-0.301
2024,feltnry,1.0,MIL,6.0,2,3,6,4.96,4.31,3,11,7,1,0.206
2024,feltnry,1.0,DET,5.2,3,2,6,4.89,4.22,3,11,5,1,0.018
2024,feltnry,0.0,ARI,6.2,5,2,2,4.73,4.21,13,9,1,1,0.283
2024,feltnry,0.0,STL,6.0,6,1,6,4.66,4.20,8,9,6,0,0.132
2024,feltnry,0.0,LAD,6.0,2,2,3,4.49,4.16,8,8,1,2,0.209
2024,meyerma,0.0,LAA,5.0,2,2,4,3.60,5.37,6,7,2,1,0.114
2024,meyerma,1.0,STL,6.0,3,1,3,2.45,5.08,12,6,1,0,0.082
2024,meyerma,0.0,ATL,6.0,6,0,7,2.12,3.75,5,11,5,3,0.278
2024,meyerma,1.0,MIL,4.0,4,2,3,3.00,4.26,6,5,1,0,-0.168
2024,meyerma,1.0,ATL,5.0,7,1,7,3.81,5.13,6,8,3,1,-0.204
2024,meyerma,0.0,CIN,4.0,8,3,2,5.10,5.57,5,13,6,2,-0.273
2024,meyerma,0.0,SDP,6.1,7,0,4,5.20,4.93,12,9,2,1,-0.076
2024,meyerma,1.0,NYM,4.0,6,3,3,5.58,5.55,10,4,1,0,-0.211
2024,meyerma,0.0,CHC,6.0,5,2,2,5.24,5.84,10,12,5,3,0.016
2024,meyerma,1.0,COL,5.0,5,4,6,5.44,5.83,10,3,1,0,-0.165
2024,meyerma,0.0,WSN,5.2,9,1,5,5.68,5.90,9,11,6,0,-0.208
2024,searsjp,0.0,CLE,3.2,6,2,1,12.27,5.08,2,14,4,1,-0.430
2024,searsjp,1.0,DET,5.2,6,1,1,8.68,7.13,6,15,8,2,-0.210
2024,searsjp,1.0,TEX,6.1,1,3,5,5.17,5.46,5,9,3,3,0.378
2024,searsjp,0.0,STL,5.0,2,3,2,4.35,5.15,6,9,2,2,0.152
2024,searsjp,1.0,NYY,6.0,3,1,7,3.38,4.29,5,8,1,2,0.353
2024,searsjp,1.0,BAL,6.1,8,1,8,4.64,4.86,6,13,3,1,-0.217
2024,searsjp,0.0,MIA,6.1,4,1,6,3.89,4.36,10,6,3,1,0.306
2024,searsjp,0.0,TEX,5.2,8,1,3,4.20,4.72,12,10,5,1,-0.185
2024,searsjp,1.0,HOU,5.0,5,1,2,3.96,4.81,3,15,4,3,0.116
2024,searsjp,1.0,KCR,4.1,5,2,4,4.31,4.64,4,9,2,2,-0.153
2024,searsjp,0.0,HOU,6.0,2,1,1,3.88,4.56,9,10,1,2,0.212
2024,searsjp,1.0,ATL,7.0,6,2,5,4.01,4.35,8,14,6,1,-0.137
2024,searsjp,0.0,SEA,6.0,3,2,8,3.93,4.20,7,5,1,1,0.018
2024,searsjp,1.0,SDP,5.0,7,3,1,4.02,4.23,9,9,4,2,-0.137
2024,searsjp,1.0,MIN,4.1,9,4,1,4.25,4.76,8,13,2,3,-0.218
2024,searsjp,0.0,MIN,1.1,9,0,1,5.04,4.98,3,9,5,0,-0.516
2024,searsjp,1.0,ARI,6.0,5,1,6,5.00,4.90,5,12,3,2,-0.023
2024,searsjp,0.0,LAA,5.0,2,1,6,4.74,4.78,3,8,4,1,0.237
2024,searsjp,1.0,BOS,5.2,4,2,8,4.56,4.72,7,6,0,1,0.201
2024,searsjp,0.0,LAA,5.2,9,0,4,4.49,4.80,8,12,4,1,-0.066
2024,searsjp,0.0,HOU,6.0,9,0,3,4.81,4.83,11,13,5,3,-0.261
2024,searsjp,1.0,SFG,7.0,3,1,9,4.53,4.61,5,8,4,2,0.315
2024,searsjp,0.0,CHW,7.0,3,1,5,4.35,4.47,5,14,4,4,0.242
2024,searsjp,1.0,TOR,7.0,3,3,4,4.32,4.51,12,6,1,2,0.080
2024,searsjp,0.0,SFG,7.2,7,0,9,4.15,4.42,7,10,2,2,0.251
2024,searsjp,0.0,MIL,3.2,9,1,3,4.35,4.55,7,10,3,1,-0.449
2024,searsjp,1.0,TEX,7.0,5,2,4,4.21,4.56,12,10,2,3,0.218
2024,searsjp,0.0,SEA,6.0,5,1,5,4.34,4.48,5,13,4,1,-0.296
2024,searsjp,1.0,HOU,6.0,4,2,1,4.18,4.46,6,15,4,1,0.353
2024,searsjp,1.0,CHW,6.0,7,1,4,4.24,4.53,7,14,5,3,-0.203
2024,searsjp,0.0,NYY,5.0,9,2,6,4.43,4.61,6,11,6,1,-0.335
2024,searsjp,1.0,SEA,6.0,4,3,4,4.38,4.71,3,15,2,5,-0.017
2024,woobr,0.0,OAK,4.1,1,1,3,0.00,2.47,5,6,2,1,0.214
2024,woobr,0.0,KCR,5.1,3,1,5,0.93,2.13,4,10,5,2,0.025
2024,woobr,1.0,NYY,6.0,2,0,7,0.57,1.63,6,7,4,0,0.355
2024,woobr,1.0,WSN,6.0,5,0,1,1.66,2.70,11,11,2,1,0.103
2024,woobr,0.0,LAA,6.0,3,0,2,1.30,2.66,8,9,2,0,0.237
2024,woobr,1.0,OAK,6.0,2,0,6,1.07,2.39,5,10,2,1,0.347
2024,woobr,1.0,CLE,4.0,4,1,1,1.67,2.85,2,13,6,1,-0.156
2024,woobr,1.0,TBR,3.0,5,0,3,1.77,2.72,4,7,4,1,0.102
2024,woobr,1.0,LAA,3.1,9,2,1,2.45,3.21,9,7,5,0,-0.347
2024,woobr,0.0,HOU,5.2,4,0,5,2.54,3.27,9,6,0,2,0.165
2024,woobr,1.0,CHW,4.0,4,1,3,2.35,3.20,9,5,1,1,0.082
2024,woobr,0.0,PHI,7.0,5,0,6,2.08,3.00,9,11,5,0,0.112
2024,woobr,0.0,DET,6.2,5,1,7,2.27,2.85,10,8,2,2,-0.106
2024,woobr,1.0,DET,7.0,4,0,6,2.06,2.72,8,11,6,0,0.480
2024,woobr,1.0,LAD,6.1,2,2,5,2.12,2.91,8,8,0,2,0.139
2024,woobr,0.0,SFG,7.0,4,0,7,2.05,2.92,8,10,4,1,0.150
2024,woobr,1.0,LAA,6.1,5,0,3,2.30,3.28,7,14,5,2,-0.222
2024,woobr,1.0,OAK,5.0,8,0,6,2.36,3.29,6,11,5,2,0.085
2024,woobr,0.0,SDP,6.2,2,1,5,2.38,3.34,4,13,5,1,0.251
2024,woobr,0.0,NYY,4.2,9,1,7,2.85,3.47,5,11,5,1,-0.380
2024,woobr,1.0,TEX,6.0,7,1,4,3.02,3.52,6,14,8,2,0.032
2024,woobr,0.0,OAK,5.0,3,1,8,2.89,3.40,6,4,2,1,0.258
2024,pallaan,1.0,LAD,1.2,2,0,2,5.40,0.77,3,2,1,0,-0.004
2024,pallaan,1.0,LAD,1.1,1,1,1,9.00,6.50,2,2,2,0,-0.069
2024,pallaan,1.0,SDP,1.0,0,0,1,6.75,5.17,2,0,0,0,0.024
2024,pallaan,0.0,MIA,0.2,0,1,0,5.79,5.52,1,1,1,0,0.010
2024,pallaan,0.0,PHI,0.1,0,0,0,5.40,5.37,0,1,0,0,0.018
2024,pallaan,0.0,PHI,0.0,3,1,0,9.00,5.97,3,0,0,0,-0.345
2024,pallaan,1.0,ARI,1.0,0,1,2,7.50,5.33,1,0,0,0,0.013
2024,pallaan,1.0,ARI,1.0,3,0,0,6.43,5.02,5,1,0,0,-0.128
2024,pallaan,0.0,MIL,3.0,5,1,0,6.30,4.77,8,6,1,1,-0.012
2024,pallaan,1.0,CIN,6.0,3,3,4,3.94,4.23,8,7,2,3,0.331
2024,pallaan,1.0,HOU,3.0,6,3,1,6.16,5.27,8,6,2,2,-0.379
2024,pallaan,0.0,COL,5.0,3,1,6,4.88,4.46,5,6,3,0,0.247
2024,pallaan,1.0,CHC,3.1,5,0,4,4.61,4.01,6,4,4,0,0.062
2024,pallaan,0.0,SFG,5.1,7,3,5,5.23,4.24,10,6,4,0,-0.080
2024,pallaan,0.0,CIN,5.1,4,3,5,4.50,4.14,9,5,1,1,0.224
2024,pallaan,1.0,PIT,7.0,4,1,5,4.00,4.12,12,6,2,0,0.322
2024,pallaan,0.0,KCR,6.1,6,0,5,4.21,4.06,10,10,5,1,-0.151
2024,pallaan,1.0,PIT,6.0,3,2,3,3.92,3.97,13,5,5,0,0.222
2024,pallaan,0.0,TEX,5.0,7,2,5,4.04,3.84,11,6,3,0,-0.111
2024,pallaan,0.0,NYM,4.2,5,2,2,4.43,3.82,12,5,4,1,-0.208
2024,pallaan,1.0,KCR,5.2,3,4,4,4.21,3.83,11,5,3,0,0.190
2024,pallaan,0.0,LAD,7.0,4,2,5,4.07,3.88,10,9,5,0,0.201
2024,pallaan,1.0,MIN,7.0,5,2,5,3.84,3.78,14,6,2,1,0.279
2024,pallaan,0.0,SDP,5.2,8,2,3,3.80,3.74,13,9,4,0,0.079
2024,pallaan,1.0,MIL,5.0,5,5,3,4.07,4.07,9,7,1,0,-0.256
2024,pallaan,0.0,CIN,5.0,6,5,6,4.13,4.06,7,7,4,1,-0.097
2024,pallaan,0.0,PIT,7.0,4,1,9,3.87,3.86,11,5,3,1,0.461
2024,pallaan,0.0,CLE,7.0,1,2,4,3.71,3.80,11,6,2,0,0.263
2024,pallaan,1.0,SFG,5.0,7,0,4,3.78,3.71,10,7,5,0,-0.212
2024,martida,0.0,SEA,2.2,3,3,3,3.38,4.29,2,6,3,2,-0.003
2024,martida,1.0,MIN,3.2,6,3,5,7.11,5.53,3,8,4,0,-0.295
2024,martida,1.0,OAK,6.0,2,1,4,3.65,4.22,7,8,0,3,0.345
2024,martida,0.0,NYY,5.2,4,3,5,3.00,4.55,9,7,3,0,0.126
2024,martida,1.0,SFG,4.1,4,2,5,3.22,4.11,9,3,1,1,-0.057
2024,martida,0.0,DET,5.0,7,1,4,2.96,3.75,10,8,2,1,0.162
2024,martida,0.0,NYM,5.0,5,1,6,3.62,4.19,4,10,4,0,-0.197
2024,martida,1.0,BOS,6.0,3,1,3,3.29,4.18,9,8,4,0,0.236
2024,martida,0.0,CLE,3.0,6,1,4,4.14,4.30,5,5,1,2,-0.301
2024,martida,1.0,LAA,5.0,7,2,4,4.27,4.14,7,9,4,1,-0.093
2024,martida,0.0,LAA,3.2,3,5,4,4.32,4.27,3,5,0,2,0.114
2024,stromma,1.0,HOU,6.0,4,2,4,0.00,3.33,10,8,5,0,-0.082
2024,stromma,0.0,TOR,6.0,3,1,6,0.00,2.50,7,9,3,1,0.353
2024,stromma,0.0,MIA,5.0,4,4,7,2.12,3.34,8,2,1,0,-0.208
2024,stromma,1.0,TOR,5.1,6,2,2,2.42,3.97,13,5,1,2,-0.061
2024,stromma,0.0,OAK,5.1,7,1,9,2.93,4.21,6,8,6,1,-0.018
2024,stromma,1.0,MIL,4.0,6,5,4,3.69,4.81,8,5,1,1,-0.258
2024,stromma,0.0,DET,5.1,3,5,3,3.41,4.81,8,7,5,0,0.015
2024,stromma,0.0,HOU,5.2,9,2,5,3.80,5.11,9,10,2,1,-0.188
2024,stromma,1.0,MIN,6.0,2,3,2,3.33,4.97,10,9,3,1,0.312
2024,stromma,0.0,SEA,7.1,3,1,6,3.05,4.81,7,11,4,1,0.329
2024,stromma,1.0,SDP,6.0,3,1,5,2.76,4.59,6,10,4,3,0.276
2024,stromma,1.0,SFG,7.1,5,2,2,2.60,4.46,10,12,3,0,0.197
2024,stromma,0.0,MIN,4.2,6,2,2,3.04,4.84,5,13,2,2,-0.124
2024,stromma,1.0,KCR,5.2,4,3,1,2.82,4.81,14,6,1,2,0.189
2024,stromma,1.0,BOS,5.0,7,4,3,3.08,4.78,8,9,3,1,-0.191
2024,stromma,0.0,ATL,6.2,3,2,6,3.15,4.88,8,8,1,0,0.185
2024,stromma,1.0,TOR,4.1,5,3,3,3.29,4.87,7,8,4,2,-0.149
2024,stromma,0.0,CIN,5.0,5,2,6,3.58,5.14,6,8,2,0,-0.211
2024,stromma,1.0,TBR,4.1,7,2,2,3.51,5.11,8,8,2,2,-0.061
2024,stromma,0.0,TBR,5.1,5,0,5,3.51,5.16,5,10,4,1,-0.091
2024,stromma,1.0,BOS,3.1,9,1,0,3.64,5.24,9,9,6,0,-0.371
2024,stromma,0.0,TOR,2.2,8,1,3,4.10,5.17,5,8,3,1,-0.392
2024,stromma,0.0,TEX,5.0,4,3,1,4.01,5.14,9,7,6,0,0.198
2024,stromma,1.0,DET,6.0,4,2,5,3.82,5.02,5,12,5,0,0.363
2024,stromma,0.0,COL,5.0,5,3,5,3.88,4.94,8,7,7,0,-0.035
2024,stromma,0.0,STL,7.0,9,0,5,3.81,4.78,11,11,8,0,0.166
2024,stromma,1.0,TEX,3.2,9,1,3,4.03,4.72,10,7,6,0,-0.245
2024,stromma,0.0,KCR,5.1,7,2,4,4.07,4.65,11,6,3,0,-0.101
2024,stromma,1.0,SEA,3.0,5,0,3,4.04,4.67,4,7,4,1,0.002
2024,stromma,0.0,BAL,3.1,10,0,1,4.31,4.62,11,7,4,0,-0.319
2024,wachami,1.0,BAL,5.0,3,1,5,5.40,4.37,6,7,2,1,-0.101
2024,wachami,0.0,CHW,7.0,2,1,8,2.25,2.58,7,7,3,2,0.444
2024,wachami,1.0,NYM,6.0,10,2,4,4.00,2.67,7,14,6,1,-0.268
2024,wachami,1.0,CHW,6.0,4,2,4,3.75,3.25,6,12,5,1,0.033
2024,wachami,0.0,TOR,4.1,8,3,4,3.81,3.38,9,7,3,2,-0.015
2024,wachami,1.0,DET,5.2,9,0,3,4.24,4.02,8,14,7,1,-0.178
2024,wachami,0.0,TEX,3.2,9,1,3,5.50,3.86,4,13,7,1,-0.308
2024,wachami,1.0,LAA,6.0,3,5,6,5.15,3.83,5,11,2,2,0.149
2024,wachami,1.0,SEA,6.0,3,2,7,4.71,3.85,3,11,3,4,0.138
2024,wachami,0.0,DET,7.0,6,1,3,4.45,3.94,13,9,5,0,0.262
2024,wachami,1.0,TBR,6.0,3,1,7,4.31,3.69,6,8,3,2,0.059
2024,wachami,0.0,SDP,5.1,5,1,2,4.24,3.64,7,11,5,2,-0.052
2024,wachami,1.0,TEX,5.0,3,1,5,4.07,3.69,4,9,5,2,0.111
2024,wachami,0.0,CLE,5.1,7,2,6,3.91,3.61,7,9,7,0,0.053
2024,wachami,0.0,TBR,6.0,2,3,8,3.74,3.65,7,6,3,0,0.252
2024,wachami,1.0,STL,5.0,7,1,3,3.83,3.74,7,12,3,3,-0.161
2024,wachami,0.0,CHW,7.0,4,1,7,3.55,3.58,12,4,2,2,0.286
2024,wachami,0.0,ARI,4.2,6,1,1,3.65,3.96,10,8,1,3,-0.149
2024,wachami,1.0,CHW,7.0,5,2,5,3.58,3.99,10,10,5,2,0.082
2024,wachami,1.0,DET,6.0,7,4,2,3.55,4.02,8,14,2,2,0.027
2024,wachami,0.0,STL,7.0,5,2,6,3.50,4.03,5,13,7,1,0.172
2024,wachami,1.0,CIN,6.0,4,1,9,3.33,3.87,3,9,5,0,0.110
2024,wachami,0.0,PHI,6.0,6,0,5,3.32,3.76,7,12,7,1,0.088
2024,wachami,1.0,CLE,6.0,9,0,7,3.50,3.77,5,15,6,3,-0.144
2024,wachami,0.0,CLE,5.0,5,1,3,3.50,3.82,4,12,1,3,-0.009
2024,wachami,0.0,MIN,7.0,4,1,7,3.34,3.72,4,11,3,2,0.417
2024,wachami,1.0,PIT,5.0,4,3,8,3.29,3.65,3,8,1,2,0.202
2024,wachami,0.0,SFG,5.2,6,1,5,3.28,3.59,9,8,3,1,0.043
2024,wachami,1.0,WSN,5.0,5,1,2,3.35,3.65,9,10,3,2,-0.160
2024,civalaa,0.0,TOR,6.0,4,1,6,1.50,3.83,4,11,4,1,0.146
2024,civalaa,0.0,TEX,6.0,4,2,8,1.50,3.75,5,8,2,1,0.161
2024,civalaa,1.0,LAA,5.0,4,1,4,2.12,4.05,7,9,4,1,-0.029
2024,civalaa,0.0,LAA,6.0,5,0,8,2.74,4.25,3,12,5,2,-0.073
2024,civalaa,1.0,NYY,4.2,8,5,5,3.90,4.25,8,9,6,0,-0.270
2024,civalaa,1.0,CHW,4.1,8,0,3,5.06,4.32,8,11,6,1,-0.413
2024,civalaa,0.0,NYM,4.2,6,1,5,6.14,4.34,2,13,7,2,-0.238
2024,civalaa,0.0,CHW,4.2,5,2,4,5.88,4.47,2,12,6,3,-0.073
2024,civalaa,1.0,BOS,5.0,5,0,6,5.83,4.35,6,8,3,2,-0.112
2024,civalaa,1.0,TOR,5.1,6,4,3,5.92,4.66,9,8,5,0,-0.138
2024,civalaa,0.0,KCR,5.0,4,1,5,5.72,4.68,6,7,2,2,0.006
2024,civalaa,1.0,BAL,5.1,6,1,3,5.37,4.50,5,14,5,1,0.287
2024,civalaa,0.0,BAL,5.0,7,1,8,5.51,4.64,0,14,6,1,-0.240
2024,civalaa,0.0,CHC,5.2,5,1,6,5.20,4.62,7,9,3,1,0.191
2024,civalaa,1.0,MIN,3.2,7,2,5,5.42,4.50,2,11,5,0,-0.270
2024,civalaa,1.0,PIT,5.0,3,1,3,5.20,4.54,6,8,5,0,0.160
2024,civalaa,0.0,WSN,5.2,6,4,2,5.07,4.69,8,11,5,1,0.007
2024,civalaa,1.0,LAD,5.0,5,3,8,5.18,4.96,3,9,0,0,-0.163
2024,civalaa,0.0,PIT,6.1,6,2,6,4.94,4.78,9,11,6,2,0.129
2024,civalaa,1.0,MIN,4.1,3,4,4,5.00,5.04,4,8,1,1,-0.419
2024,civalaa,0.0,MIA,5.1,7,0,3,4.92,4.89,9,10,6,0,0.036
2024,civalaa,1.0,WSN,4.0,7,1,3,5.14,4.92,11,5,2,0,-0.303
2024,civalaa,0.0,CIN,6.1,5,2,5,5.02,4.90,4,13,5,2,0.124
2024,civalaa,0.0,CLE,6.0,4,1,4,4.78,4.77,8,11,3,2,0.218
2024,civalaa,1.0,OAK,4.0,4,4,3,4.84,4.87,3,10,6,1,-0.035
2024,civalaa,0.0,SFG,7.0,2,2,7,4.59,4.73,7,9,3,2,0.238
2024,civalaa,0.0,STL,5.0,6,0,7,4.62,4.66,6,8,4,0,-0.087
2024,civalaa,1.0,SFG,5.1,3,1,2,4.57,4.69,4,13,2,5,0.098
2024,civalaa,0.0,PHI,5.0,7,1,6,4.48,4.67,4,9,5,2,0.052
2024,civalaa,0.0,ARI,4.1,3,3,2,4.53,4.84,3,11,3,2,-0.133
2024,civalaa,1.0,PIT,6.0,3,1,5,4.36,4.74,10,7,3,2,0.305
2024,bassich,1.0,TBR,5.0,6,2,6,7.20,5.17,10,5,2,0,-0.309
2024,bassich,1.0,HOU,4.1,9,3,3,7.71,5.95,5,13,5,1,-0.092
2024,bassich,0.0,SEA,6.2,5,4,8,5.06,5.35,5,10,4,1,0.228
2024,bassich,0.0,NYY,6.1,4,2,5,4.03,4.55,6,10,6,1,0.252
2024,bassich,1.0,SDP,5.1,6,3,4,3.90,4.79,5,11,5,1,0.005
2024,bassich,0.0,LAD,2.2,9,3,4,5.64,5.54,3,9,6,0,-0.361
2024,bassich,0.0,KCR,6.0,4,1,4,5.45,5.09,11,7,3,1,-0.071
2024,bassich,1.0,PHI,6.1,3,2,6,5.06,4.67,7,9,3,1,0.106
2024,bassich,0.0,TBR,5.2,5,3,5,5.03,4.74,9,7,3,0,-0.077
2024,bassich,0.0,CHW,7.0,5,2,4,4.39,4.50,12,9,5,2,0.126
2024,bassich,1.0,CHW,5.0,5,0,7,4.03,4.21,5,9,2,2,0.254
2024,bassich,0.0,PIT,5.0,8,1,7,4.13,4.10,6,10,5,1,-0.135
2024,bassich,1.0,OAK,8.0,4,2,7,3.80,3.89,6,14,5,3,0.327
2024,bassich,1.0,MIL,5.0,5,4,5,3.56,3.87,9,6,2,3,0.308
2024,bassich,0.0,BOS,6.0,7,2,6,3.52,3.75,10,8,5,1,0.078
2024,bassich,1.0,BOS,7.0,5,1,2,3.45,3.87,9,13,5,5,0.081
2024,bassich,0.0,NYY,6.0,6,2,8,3.24,3.72,7,8,5,1,0.240
2024,bassich,0.0,HOU,5.0,8,4,3,3.43,3.75,5,15,7,3,-0.172
2024,bassich,1.0,SFG,5.0,5,4,6,3.52,3.73,5,9,4,1,-0.161
2024,bassich,0.0,DET,6.2,7,1,6,3.71,3.87,6,14,8,2,-0.280
2024,bassich,0.0,TBR,5.0,5,1,6,3.78,3.92,3,11,4,2,-0.118
2024,bassich,1.0,BAL,4.0,9,1,3,4.02,3.98,6,10,4,0,-0.278
2024,bassich,0.0,BAL,7.0,3,2,9,3.95,3.94,7,7,1,0,0.043
2024,bassich,0.0,OAK,4.0,8,2,5,4.30,4.11,5,9,2,0,-0.405
2024,bassich,1.0,CHC,5.0,5,2,5,4.34,4.14,5,9,2,1,-0.083
2024,bassich,0.0,LAA,6.0,4,2,6,4.41,4.08,6,9,3,1,-0.170
2024,bassich,1.0,BOS,6.2,5,1,9,4.27,3.96,7,9,4,1,0.189
2024,bassich,0.0,PHI,5.1,10,2,7,4.30,4.04,10,8,5,1,-0.038
2024,bassich,0.0,NYM,6.0,5,1,8,4.20,3.97,7,8,6,0,0.138
2024,bassich,1.0,TEX,3.2,6,3,2,4.16,4.00,6,11,6,0,-0.553
2024,bassich,0.0,BOS,4.1,4,7,2,4.16,4.08,4,10,8,0,-0.174
2024,martini,0.0,WSN,5.0,6,1,3,5.40,5.77,6,12,5,3,-0.072
2024,martini,0.0,NYM,5.0,8,1,6,7.20,3.87,4,13,5,0,-0.307
2024,martini,1.0,SEA,4.0,3,0,3,5.79,3.24,5,7,2,3,0.023
2024,martini,0.0,LAA,3.0,2,0,2,4.76,2.99,4,5,0,1,0.178
2024,martini,0.0,PHI,6.0,11,0,3,5.48,3.34,7,17,6,3,-0.212
2024,martini,1.0,SDP,5.0,6,1,3,5.46,3.20,2,18,7,4,-0.167
2024,martini,0.0,BAL,2.0,0,1,2,5.10,3.17,3,1,1,0,0.079
2024,martini,0.0,ARI,2.0,3,1,2,5.06,3.13,2,5,3,1,-0.161
2024,martini,1.0,SFG,1.1,1,0,1,4.86,3.08,2,2,1,0,-0.074
2024,martini,1.0,LAD,5.0,1,0,4,4.23,2.88,7,5,2,2,0.200
2024,martini,0.0,SDP,4.2,8,1,2,4.81,3.19,6,12,6,2,-0.194
2024,martini,0.0,LAD,4.1,1,0,3,4.37,3.06,6,5,1,0,0.215
2024,martini,1.0,CHC,2.0,1,0,3,4.20,2.94,1,3,0,1,0.103
2024,martini,1.0,COL,2.0,1,0,1,4.21,3.17,1,5,1,1,-0.033
2024,martini,0.0,CHC,1.0,0,0,0,4.13,3.17,1,2,0,0,0.074
2024,martini,0.0,CLE,1.2,4,1,2,4.50,3.15,5,2,0,1,-0.262
2024,martini,1.0,MIL,1.0,0,1,1,4.42,3.17,2,1,0,0,-0.009
2024,martini,1.0,MIL,1.2,0,0,2,4.29,3.10,2,1,1,0,0.057
2024,martini,1.0,PIT,0.2,1,0,1,4.40,3.29,0,2,0,0,-0.235
2024,martini,0.0,BOS,1.0,1,0,1,4.32,3.25,1,2,1,0,0.046
2024,martini,0.0,BOS,1.0,1,0,3,4.25,3.15,1,0,0,0,0.009
2024,martini,1.0,STL,2.0,2,0,0,4.11,3.15,2,6,2,1,0.075
2024,martini,1.0,NYY,1.1,1,0,0,4.02,3.15,3,2,1,0,0.080
2024,martini,1.0,NYY,2.0,2,0,0,4.18,3.35,4,4,2,1,0.106
2024,martini,0.0,DET,2.0,3,1,2,4.19,3.33,2,3,2,0,-0.027
2024,martini,0.0,COL,1.1,1,0,3,4.10,3.24,2,0,0,0,-0.001
2024,martini,0.0,MIA,3.0,3,0,2,3.93,3.18,4,5,4,0,0.092
2024,martini,0.0,MIA,1.0,1,0,1,3.88,3.15,0,3,2,1,0.041
2024,martini,1.0,TBR,2.0,1,1,2,3.77,3.14,1,4,0,2,0.237
2024,martini,0.0,CHC,4.0,4,0,3,3.58,3.06,4,9,2,0,0.131
2024,martini,0.0,SFG,1.0,2,0,2,3.65,3.18,0,3,2,0,-0.056
2024,martini,1.0,MIA,5.0,4,0,5,3.43,3.09,8,6,2,1,0.183
2024,martini,1.0,MIL,7.0,1,0,7,3.16,2.98,6,8,2,1,0.448
2024,martini,0.0,KCR,6.0,8,0,4,3.25,3.04,10,12,6,2,-0.029
2024,martini,1.0,TOR,4.1,6,3,3,3.64,3.46,6,10,5,1,-0.339
2024,martini,1.0,PIT,3.0,5,0,1,3.62,3.43,4,8,6,0,-0.072
2024,martini,0.0,MIL,5.1,7,1,3,3.78,3.63,7,12,5,1,-0.183
2024,martini,0.0,HOU,5.2,6,3,7,3.67,3.56,6,10,6,2,0.064
2024,martini,1.0,ATL,7.0,2,1,5,3.46,3.48,6,12,4,2,0.502
2024,martini,1.0,MIN,6.0,3,0,6,3.37,3.40,6,9,2,1,0.047
2024,martini,0.0,PIT,6.0,2,0,9,3.22,3.26,2,9,3,2,0.199
2024,martini,1.0,CHC,8.0,5,0,3,3.10,3.21,11,13,7,1,0.231
2024,parkemi,1.0,LAD,5.0,4,0,4,3.60,1.57,4,11,5,0,0.034
2024,parkemi,0.0,HOU,7.0,3,0,8,1.50,1.17,9,7,2,0,0.251
2024,parkemi,1.0,MIA,4.0,6,2,2,1.69,1.79,9,6,4,0,0.113
2024,parkemi,1.0,TEX,5.1,6,2,5,2.53,1.95,7,10,6,1,-0.154
2024,parkemi,0.0,BAL,5.2,5,1,3,2.67,3.05,8,9,6,0,0.026
2024,parkemi,1.0,CHW,5.0,5,2,3,3.09,3.48,8,8,3,0,-0.177
2024,parkemi,0.0,MIN,6.0,7,1,7,3.32,3.48,9,8,3,1,0.140
2024,parkemi,1.0,ATL,6.1,5,0,6,3.45,3.46,8,10,5,0,0.113
2024,parkemi,1.0,CLE,5.2,4,4,5,3.60,3.47,8,8,3,3,-0.082
2024,parkemi,0.0,ATL,7.0,3,0,2,3.47,3.64,7,15,6,2,0.114
2024,parkemi,1.0,DET,4.2,4,3,1,3.21,3.72,6,12,4,2,-0.271
2024,parkemi,0.0,MIA,6.0,6,0,4,3.06,3.55,5,16,7,1,0.217
2024,parkemi,1.0,COL,6.0,6,2,8,3.30,3.56,7,8,4,0,-0.144
2024,parkemi,1.0,TBR,5.0,6,1,5,3.32,3.61,6,10,2,3,-0.022
2024,parkemi,0.0,NYM,6.0,5,0,5,3.61,3.92,6,12,2,1,-0.211
2024,parkemi,0.0,STL,7.0,6,1,6,3.44,3.91,7,14,6,1,0.064
2024,parkemi,1.0,MIL,0.2,3,2,2,3.90,3.92,0,3,2,0,-0.262
2024,parkemi,0.0,SDP,3.0,7,3,5,4.34,4.03,5,6,3,0,-0.460
2024,parkemi,1.0,ARI,5.0,4,2,3,4.31,3.98,6,9,3,1,0.064
2024,parkemi,0.0,MIL,6.0,3,3,3,4.06,3.97,3,13,9,0,0.365
2024,parkemi,0.0,LAA,6.1,8,0,5,3.83,3.95,7,16,6,1,0.041
2024,parkemi,1.0,PHI,3.0,10,2,6,4.44,4.10,2,11,6,1,-0.341
2024,parkemi,0.0,COL,7.0,5,1,6,4.26,3.97,5,14,5,3,0.221
2024,parkemi,0.0,NYY,4.0,5,2,5,4.26,4.02,5,7,6,0,-0.037
2024,parkemi,0.0,CHC,6.0,7,1,8,4.27,3.88,6,12,5,2,-0.209
2024,parkemi,1.0,PIT,3.1,6,4,5,4.43,3.88,1,9,5,1,-0.181
2024,parkemi,0.0,MIA,6.1,3,0,5,4.24,3.80,12,7,2,1,0.162
2024,parkemi,1.0,NYM,3.2,7,2,1,4.44,3.90,5,11,4,3,-0.341
2024,parkemi,0.0,KCR,5.0,5,2,5,4.29,3.85,11,4,2,0,0.277
